intensity,readability,perplexity,lex_diversity,word_count,bleu
1,-20.34,141.5679473876953,0.6253869969040248,323,
2,6.74,37.43917465209961,0.5320088300220751,453,
3,-20.19,463.8908996582031,0.46790540540540543,592,
4,-4.03,65.97423553466797,0.6528925619834711,363,
5,-3.41,471.80877685546875,0.7043478260869566,460,
1,31.51,14.705739974975586,0.4984423676012461,321,
2,36.08,28.222475051879883,0.5209580838323353,334,
3,-37.01,744.6572875976562,0.4329268292682927,656,
4,-43.71,510.8837890625,0.5294117647058824,578,
5,17.23,32.13624572753906,0.6241830065359477,306,
1,18.18,45.25164031982422,0.4460093896713615,426,
2,2.96,165.95208740234375,0.28199791883454733,961,
3,32.57,27.115236282348633,0.3796680497925311,482,
4,-4.36,284.8304443359375,0.3891891891891892,555,
5,-190.94,308.0732727050781,0.22785643727362528,3037,
1,2.12,504.5782470703125,0.5600739371534196,541,
2,7.12,241.14163208007812,0.6752577319587629,388,
3,-30.37,537.6688842773438,0.4186046511627907,645,
4,39.26,53.150428771972656,0.6290322580645161,310,
5,35.37,13.796920776367188,0.4984894259818731,331,
1,11.86,156.39425659179688,0.45276292335115864,561,
2,43.56,8.261836051940918,0.4281842818428184,369,
3,-0.27,367.77020263671875,0.6440677966101694,413,
4,-16.47,375.31988525390625,0.6349206349206349,378,
5,35.2,36.14746856689453,0.5892857142857143,336,
1,-64.35,819.9374389648438,0.6676557863501483,337,
2,15.34,246.46365356445312,0.7011834319526628,338,
3,16.63,355.0015869140625,0.5807228915662651,415,
4,-22.67,288.95135498046875,0.5890736342042755,421,
5,4.65,91.97061157226562,0.6100278551532033,359,
1,43.46,23.18474769592285,0.5766016713091922,359,
2,25.53,49.6890869140625,0.58994708994709,378,
3,2.01,633.4794921875,0.8292682926829268,246,
4,-45.74,635.187255859375,0.78,300,
5,8.07,262.2409973144531,0.7146739130434783,368,
1,24.68,15.601143836975098,0.547550432276657,347,
2,18.79,28.427257537841797,0.6258278145695364,302,
3,35.0,110.4917984008789,0.7214285714285714,280,
4,-4.39,374.80841064453125,0.3888213851761847,823,
5,-0.4,426.9996643066406,0.702819956616052,461,
1,53.75,36.28487777709961,0.6235294117647059,340,
2,35.99,347.6279602050781,0.5839080459770115,435,
3,35.95,238.57261657714844,0.6173913043478261,460,
4,18.66,449.098876953125,0.4089264173703257,829,
5,4.99,314.37213134765625,0.7668711656441718,326,
1,-6.16,230.29554748535156,0.7464285714285714,280,
2,25.42,18.75288963317871,0.5028735632183908,348,
3,13.11,406.2247314453125,0.6211764705882353,425,
4,-23.41,479.59918212890625,0.334,1000,
5,-24.16,312.2435302734375,0.6306306306306306,444,
1,-92.02,473.8458251953125,0.3674911660777385,849,
2,-75.13,866.9991455078125,0.12541546643031243,4513,
3,-33.89,541.216552734375,0.5956937799043063,418,
4,-11.74,745.6678466796875,0.6595092024539877,326,
5,33.25,665.5680541992188,0.5787037037037037,648,
1,25.29,19.346532821655273,0.6203389830508474,295,
2,-25.95,690.244873046875,0.7068062827225131,382,
3,24.71,27.393705368041992,0.6333333333333333,360,
4,13.62,30.546546936035156,0.6269035532994924,394,
5,-12.07,452.6002502441406,0.6457883369330454,463,
1,-26.83,431.4528503417969,0.603112840466926,514,
2,-57.92,664.4566040039062,0.6088631984585742,519,
3,-23.61,689.2996215820312,0.6346153846153846,468,
4,5.22,51.719093322753906,0.660377358490566,265,
5,-32.41,609.7099609375,0.6216867469879518,415,
1,-5.68,292.8368225097656,0.6372549019607843,306,
2,-23.99,409.50469970703125,0.6206088992974239,427,
3,-62.82,572.0369262695312,0.07944895263257218,5299,
4,-15.09,496.7488708496094,0.6913183279742765,311,
5,-108.5,969.8223266601562,0.4132985658409387,767,
1,22.18,62.59410095214844,0.5753846153846154,325,
2,21.26,152.57801818847656,0.5113350125944585,397,
3,9.11,199.8857879638672,0.6193853427895981,423,
4,20.58,23.0144100189209,0.5117056856187291,299,
5,-4.19,533.0869750976562,0.3147502903600465,861,
1,12.9,194.10435485839844,0.5607843137254902,510,
2,-46.01,416.3519287109375,0.5221088435374149,588,
3,7.22,245.57408142089844,0.5737704918032787,549,
4,16.05,169.78961181640625,0.7616822429906542,214,
5,-34.28,514.8330078125,0.7408637873754153,301,
1,25.02,152.02877807617188,0.6022727272727273,352,
2,37.57,137.84603881835938,0.5272277227722773,404,
3,41.54,259.8905944824219,0.5818181818181818,715,
4,29.69,12.625203132629395,0.5015479876160991,323,
5,-18.47,407.810546875,0.5652173913043478,575,
1,-25.17,675.912841796875,0.7331786542923434,431,
2,14.33,62.53801345825195,0.5717948717948718,390,
3,1.81,638.0054321289062,0.47010309278350515,485,
4,-8.72,546.6085205078125,0.6264236902050114,439,
5,-69.08,540.3233032226562,0.5212418300653595,612,
1,27.22,228.76644897460938,0.3666997026759167,1009,
2,8.34,417.39910888671875,0.5638095238095238,525,
3,-17.11,417.2675476074219,0.4774011299435028,708,
4,29.35,19.282243728637695,0.6391437308868502,327,
5,32.16,50.914798736572266,0.5739348370927319,399,
1,12.57,252.47975158691406,0.6206140350877193,456,
2,27.96,191.68331909179688,0.6837606837606838,351,
3,-6.22,231.3425750732422,0.562610229276896,567,
4,7.39,234.31602478027344,0.7131147540983607,366,
5,7.33,406.6828918457031,0.4067622950819672,976,
1,23.53,76.36030578613281,0.5414746543778802,434,
2,-71.31,915.2363891601562,0.4142692750287687,869,
3,-15.45,894.8244018554688,0.3261802575107296,932,
4,-9.02,583.784912109375,0.3836538461538462,1040,
5,-6.79,641.6868286132812,0.39276485788113696,774,
1,6.31,67.44737243652344,0.6452513966480447,358,
2,13.58,259.725830078125,0.5232774674115456,537,
3,-96.02,747.5029907226562,0.5692041522491349,578,
4,0.08,391.99163818359375,0.7748091603053435,262,
5,-19.99,616.5944213867188,0.5475285171102662,526,
1,-19.96,240.5056915283203,0.7703488372093024,344,
2,-48.49,554.2054443359375,0.7258566978193146,321,
3,-5.65,316.87042236328125,0.7727272727272727,242,
4,9.35,33.21748352050781,0.6219178082191781,365,
5,-11.09,834.6449584960938,0.7595307917888563,341,
1,27.15,47.02997970581055,0.5344262295081967,305,
2,37.74,21.312185287475586,0.49343832020997375,381,
3,-27.23,413.067138671875,0.46257197696737046,521,
4,11.52,39.18761444091797,0.5361842105263158,304,
5,32.57,34.204734802246094,0.4707379134860051,393,
1,11.28,247.9217071533203,0.6368421052631579,380,
2,52.49,11.807613372802734,0.4657534246575342,365,
3,34.7,217.24697875976562,0.34275618374558303,1132,
4,15.51,206.5736541748047,0.4739803094233474,711,
5,-9.98,379.4810485839844,0.7129629629629629,432,
1,23.66,34.372650146484375,0.5987460815047022,319,
2,4.75,575.2353515625,0.8187311178247734,331,
3,-0.06,501.6791687011719,0.6814814814814815,270,
4,-19.15,420.4702453613281,0.8029197080291971,274,
5,-15.15,946.4032592773438,0.8194774346793349,421,
1,-6.93,564.1593017578125,0.6449438202247191,445,
2,-47.97,342.180908203125,0.7413793103448276,232,
3,56.69,21.346994400024414,0.5619335347432024,331,
4,12.47,407.74951171875,0.5991983967935872,499,
5,-30.0,633.162109375,0.562624254473161,503,
1,17.78,224.0530548095703,0.7084468664850136,367,
2,-34.85,434.6029357910156,0.8066465256797583,331,
3,-7.68,681.135498046875,0.726027397260274,292,
4,-1.25,423.3378601074219,0.8056338028169014,355,
5,-8.62,418.42376708984375,0.6334269662921348,712,
1,42.55,26.128986358642578,0.56875,320,
2,18.83,419.5049743652344,0.6730769230769231,364,
3,-39.38,479.12353515625,0.6511194029850746,536,
4,15.08,569.3828125,0.3226086956521739,1150,
5,-62.76,789.799560546875,0.3290559120073327,1091,
1,-73.66,685.0601806640625,0.6896551724137931,464,
2,7.63,191.158203125,0.6527415143603134,383,
3,48.84,11.423691749572754,0.4728434504792332,313,
4,-8.45,402.39556884765625,0.3013555787278415,959,
5,-2.6,333.4581604003906,0.7601809954751131,221,
1,35.47,12.863863945007324,0.5098591549295775,355,
2,38.35,21.853593826293945,0.5444743935309974,371,
3,22.52,257.0381164550781,0.5033112582781457,604,
4,29.28,24.081478118896484,0.5922619047619048,336,
5,-5.17,286.17767333984375,0.6131907308377896,561,
1,-24.83,323.40576171875,0.7177914110429447,326,
2,48.23,21.443193435668945,0.4860813704496788,467,
3,12.98,257.35992431640625,0.3949685534591195,795,
4,-11.63,373.72210693359375,0.4778625954198473,655,
5,-21.35,296.67108154296875,0.4992248062015504,645,
1,26.54,27.69746971130371,0.562874251497006,334,
2,-2.6,460.0294189453125,0.7322834645669292,381,
3,2.92,92.93146514892578,0.6743515850144092,347,
4,10.3,230.52638244628906,0.6390977443609023,399,
5,25.02,22.855545043945312,0.5754189944134078,358,
1,-11.91,384.3403625488281,0.6817155756207675,443,
2,-7.03,487.3209228515625,0.7622641509433963,265,
3,-44.59,839.0067138671875,0.6734279918864098,493,
4,-82.28,725.0044555664062,0.5052950075642966,661,
5,7.49,54.679019927978516,0.5880597014925373,335,
1,-9.81,444.7302551269531,0.7230046948356808,426,
2,23.19,277.7895812988281,0.5660377358490566,689,
3,-23.0,477.9832458496094,0.45203488372093026,688,
4,-12.52,469.8295593261719,0.5823293172690763,498,
5,17.27,237.8730010986328,0.7297297297297297,259,
1,8.44,431.2496337890625,0.621380846325167,449,
2,29.93,80.89543914794922,0.6688524590163935,305,
3,28.51,142.63772583007812,0.6069364161849711,346,
4,-5.82,248.2864532470703,0.6666666666666666,435,
5,-15.22,515.580322265625,0.5383211678832117,548,
1,-1.92,309.46710205078125,0.647196261682243,428,
2,-14.28,269.6685791015625,0.7106598984771574,394,
3,-7.24,693.2537841796875,0.5674157303370787,534,
4,-29.47,712.0458984375,0.44611528822055135,798,
5,9.96,83.37682342529297,0.4989247311827957,465,
1,-31.4,748.6083984375,0.7887788778877888,303,
2,12.5,99.25611114501953,0.7201492537313433,268,
3,-24.89,391.62750244140625,0.5144092219020173,694,
4,-52.07,674.0165405273438,0.4948453608247423,582,
5,11.89,24.149696350097656,0.6,350,
1,51.79,261.4232177734375,0.48083067092651754,626,
2,30.77,143.89361572265625,0.5794392523364486,321,
3,-23.65,454.08404541015625,0.7128463476070529,397,
4,18.49,140.99282836914062,0.74,250,
5,-7.37,404.684814453125,0.7859327217125383,327,
1,19.5,52.2881965637207,0.64375,320,
2,33.75,30.401426315307617,0.5691823899371069,318,
3,-25.88,435.1026611328125,0.7569296375266524,469,
4,11.18,219.9438018798828,0.533106960950764,589,
5,-7.37,406.8797607421875,0.7055555555555556,360,
1,23.26,19.50706672668457,0.5809248554913294,346,
2,14.12,35.045902252197266,0.623229461756374,353,
3,-150.65,763.5059204101562,0.07153558052434457,8010,
4,7.97,329.87481689453125,0.6223277909738717,421,
5,13.48,73.28681182861328,0.6618075801749271,343,
1,33.28,63.04681396484375,0.6165644171779141,326,
2,-20.37,426.22967529296875,0.7084398976982097,391,
3,-32.61,740.0731811523438,0.5592920353982301,565,
4,4.31,234.49688720703125,0.6533066132264529,499,
5,-19.48,879.258544921875,0.6583493282149712,521,
1,59.43,12.979586601257324,0.4528985507246377,276,
2,-609.56,598.06396484375,0.39192299644277045,4779,
3,-206.37,576.142578125,0.31659719590754076,5278,
4,69.62,10.827184677124023,0.40418118466898956,287,
5,1.64,13.434127807617188,0.4352517985611511,278,
1,7.49,506.02899169921875,0.5642965204236006,661,
2,51.48,19.46849822998047,0.5194029850746269,335,
3,-42.26,513.0567626953125,0.6746323529411765,544,
4,47.72,16.267187118530273,0.5689655172413793,290,
5,-23.38,559.4439697265625,0.7438524590163934,488,
1,9.66,138.41485595703125,0.59375,512,
2,38.76,24.467727661132812,0.5165745856353591,362,
3,-3.08,174.67666625976562,0.5883977900552486,362,
4,-10.45,179.9634552001953,0.5801980198019802,505,
5,32.63,17.734094619750977,0.545751633986928,306,
1,7.9,829.044189453125,0.4279141104294479,652,
2,-530.63,737.9328002929688,0.145069000336587,2971,
3,20.11,26.81294059753418,0.5867507886435331,317,
4,16.76,32.06261444091797,0.593167701863354,322,
5,-68.31,646.5228881835938,0.4068047337278107,676,
1,-69.69,496.5721740722656,0.29204339963833637,1106,
2,-58.02,326.16009521484375,0.3851239669421488,605,
3,-3.99,342.8348388671875,0.6676737160120846,331,
4,-27.71,639.0455322265625,0.48674242424242425,528,
5,-186.81,519.5502319335938,0.11720607057963064,5469,
1,-8.35,319.2738952636719,0.6904109589041096,365,
2,-56.29,761.7142333984375,0.29115853658536583,1312,
3,-10.75,405.6198425292969,0.7218934911242604,338,
4,10.16,388.6910400390625,0.677570093457944,428,
5,-21.48,480.6695251464844,0.7123015873015873,504,
1,-50.24,681.929443359375,0.25891291642314435,1711,
2,-42.53,888.0035400390625,0.5787610619469027,565,
3,-19.11,544.6506958007812,0.5211267605633803,568,
4,7.9,214.67214965820312,0.6320224719101124,356,
5,-18.78,258.45654296875,0.7633802816901408,355,
1,19.04,523.1070556640625,0.547107438016529,605,
2,-7.1,513.2422485351562,0.6675257731958762,388,
3,17.34,591.7791137695312,0.643956043956044,455,
4,18.86,538.7007446289062,0.6750572082379863,437,
5,48.91,481.74407958984375,0.6948717948717948,390,
1,-30.82,408.44146728515625,0.43824027072758037,591,
2,-11.3,275.2738342285156,0.4463452566096423,643,
3,-42.86,502.0762023925781,0.25091441111923923,1367,
4,9.15,327.4611511230469,0.6306306306306306,444,
5,7.96,60.2502326965332,0.7122302158273381,278,
1,20.82,24.048938751220703,0.5621468926553672,354,
2,-3.82,191.65306091308594,0.7142857142857143,364,
3,-49.22,681.60205078125,0.48138297872340424,752,
4,3.39,39.56556701660156,0.6613418530351438,313,
5,-52.97,230.7017822265625,0.0899042997708586,7419,
1,-119.8,656.4170532226562,0.12084851082065566,4667,
2,2.72,176.32408142089844,0.6476683937823834,386,
3,5.29,234.7300262451172,0.6989010989010989,455,
4,50.77,17.449867248535156,0.498371335504886,307,
5,-3.35,246.39138793945312,0.7224334600760456,263,
1,-11.73,566.40380859375,0.39974779319041615,793,
2,44.11,686.058837890625,0.31470230862697446,823,
3,26.21,337.7449035644531,0.47470238095238093,672,
4,12.64,211.86875915527344,0.5164113785557987,457,
5,-40.36,556.3689575195312,0.21055179090029041,2066,
1,15.41,62.87583541870117,0.6551724137931034,290,
2,1.26,70.94755554199219,0.7003257328990228,307,
3,-8.9,215.60455322265625,0.6261859582542695,527,
4,7.05,349.4479675292969,0.533083645443196,801,
5,-82.52,549.2481689453125,0.4991869918699187,615,
1,-16.55,507.2497253417969,0.738544474393531,371,
2,11.45,470.5703430175781,0.5458515283842795,458,
3,-29.88,374.640625,0.7589285714285714,336,
4,-4.33,277.0072021484375,0.6246246246246246,333,
5,-10.22,175.36326599121094,0.6867088607594937,316,
1,-8.05,411.3407897949219,0.7068493150684931,365,
2,-49.39,508.7557067871094,0.3638888888888889,720,
3,-54.67,591.9566040039062,0.44576719576719576,756,
4,-21.92,489.185791015625,0.5680851063829787,470,
5,14.53,145.49984741210938,0.6484149855907781,347,
1,-50.31,418.8571472167969,0.43302443133951135,1187,
2,-163.83,668.7515258789062,0.4463986599664992,1194,
3,-41.5,526.8238525390625,0.22492552135054616,2014,
4,-12.69,349.7005310058594,0.8264462809917356,242,
5,-13.09,136.4737091064453,0.7038123167155426,341,
1,47.22,84.42475128173828,0.6464088397790055,362,
2,34.26,469.6754455566406,0.5960264900662252,453,
3,-10.25,190.59353637695312,0.5567484662576687,652,
4,-23.45,269.2151794433594,0.7765151515151515,264,
5,-42.23,343.5278625488281,0.7819148936170213,376,
1,-6.25,488.8653869628906,0.6174636174636174,481,
2,-7.81,550.1815795898438,0.5657276995305164,426,
3,14.53,149.2251739501953,0.6318181818181818,440,
4,21.6,237.38870239257812,0.562874251497006,501,
5,-13.8,446.38336181640625,0.5454545454545454,539,
1,35.41,88.50663757324219,0.6606060606060606,330,
2,53.55,24.637012481689453,0.5549132947976878,346,
3,28.67,294.0070495605469,0.7307692307692307,338,
4,16.26,503.475341796875,0.6886363636363636,440,
5,16.05,239.03892517089844,0.75,268,
1,4.1,59.81135940551758,0.6456953642384106,302,
2,38.05,397.9303894042969,0.5006657789613849,751,
3,-53.46,516.4602661132812,0.7543859649122807,456,
4,4.31,13.326306343078613,0.5507246376811594,345,
5,-26.49,286.71746826171875,0.7809187279151943,283,
1,27.53,833.6970825195312,0.48717948717948717,312,
2,38.79,570.3887939453125,0.44488977955911824,499,
3,-51.76,604.3060913085938,0.23568849922640536,1939,
4,13.62,71.73250579833984,0.15625,384,
5,35.68,458.7357177734375,0.5340501792114696,279,
1,-3.98,523.1412353515625,0.4698996655518395,598,
2,1.74,255.8032989501953,0.5628140703517588,398,
3,39.37,52.572364807128906,0.6198083067092651,313,
4,0.46,720.2435302734375,0.33014861995753714,942,
5,-34.03,595.012939453125,0.21236959761549926,1342,
1,-44.28,512.8050537109375,0.29982817869415807,1164,
2,29.69,11.03592300415039,0.5510835913312694,323,
3,13.78,127.68130493164062,0.7659574468085106,188,
4,-26.62,622.6097412109375,0.4751693002257336,886,
5,-18.41,386.3916320800781,0.7417582417582418,364,
1,6.0,134.57376098632812,0.5344036697247706,436,
2,9.01,43.40005111694336,0.6032171581769437,373,
3,-19.89,331.7547912597656,0.6576354679802956,406,
4,-29.64,521.3258666992188,0.5276381909547738,398,
5,13.38,35.98064422607422,0.6194444444444445,360,
1,-38.81,396.7123718261719,0.6821917808219178,365,
2,17.21,375.0082702636719,0.5230460921843687,499,
3,5.97,465.28656005859375,0.6952662721893491,338,
4,-20.03,961.4857177734375,0.5964912280701754,342,
5,-149.7,516.3555908203125,0.05269714712844151,8027,
1,13.51,283.54107666015625,0.6207951070336392,327,
2,-11.13,353.9144592285156,0.49166666666666664,840,
3,39.33,26.16548728942871,0.5623188405797102,345,
4,23.36,113.3073959350586,0.65625,320,
5,-23.58,632.3963012695312,0.6157635467980296,609,
1,-36.21,431.2078857421875,0.680379746835443,316,
2,-38.84,412.8046569824219,0.7038123167155426,341,
3,-79.75,575.7913208007812,0.46987951807228917,996,
4,-74.23,386.4013977050781,0.3926905132192846,1286,
5,-49.22,795.0032348632812,0.3898186889818689,1434,
1,13.21,420.6114196777344,0.4972972972972973,925,
2,-83.66,656.6719360351562,0.17826336975273147,1739,
3,5.02,576.9296875,0.41698352344740175,789,
4,-23.34,1005.4762573242188,0.7196531791907514,346,
5,36.56,262.08685302734375,0.6,280,
1,74.12,237.04405212402344,0.09705648369132856,6285,
2,19.67,108.35608673095703,0.5745192307692307,416,
3,-45.46,319.4790344238281,0.40486169321039395,1193,
4,13.21,430.85089111328125,0.5544303797468354,395,
5,1.31,488.85699462890625,0.44387096774193546,775,
1,-29.7,845.3271484375,0.3365695792880259,927,
2,34.66,14.0547513961792,0.5381818181818182,275,
3,-17.93,307.9249267578125,0.5009940357852882,503,
4,26.37,245.37486267089844,0.4743083003952569,506,
5,16.63,371.4058837890625,0.44554455445544555,505,
1,21.23,53.929019927978516,0.5673758865248227,423,
2,11.62,242.0631561279297,0.627906976744186,430,
3,1.4,168.50003051757812,0.5174013921113689,431,
4,-16.47,316.9645690917969,0.6781002638522428,379,
5,7.08,291.284423828125,0.6369047619047619,336,
1,-3.99,137.81968688964844,0.6447368421052632,456,
2,-74.64,680.743896484375,0.38971807628524047,1206,
3,-17.97,362.0677795410156,0.7161458333333334,384,
4,-57.65,539.9349365234375,0.7372448979591837,392,
5,-83.4,966.1956787109375,0.2953667953667954,1554,
1,53.14,437.8549499511719,0.4051803885291397,1081,
2,30.98,203.6134033203125,0.6426966292134831,445,
3,22.48,350.1077880859375,0.7803921568627451,255,
4,45.19,33.17780303955078,0.5869017632241813,397,
5,65.66,722.745361328125,0.06529209621993128,7275,
1,-44.43,222.13006591796875,0.42937062937062936,715,
2,-27.1,194.66233825683594,0.5584112149532711,428,
3,-22.77,59.12885665893555,0.5926892950391645,383,
4,-38.64,276.9527893066406,0.7523809523809524,210,
5,-45.81,740.4395751953125,0.3971238938053097,904,
1,29.72,56.649131774902344,0.6090909090909091,330,
2,24.41,81.02851867675781,0.538659793814433,388,
3,31.14,117.58638763427734,0.6443661971830986,284,
4,28.88,54.000892639160156,0.6038647342995169,414,
5,-105.8,96.8209228515625,0.47702702702702704,740,
1,54.39,191.389404296875,0.6224719101123596,445,
2,22.38,291.283447265625,0.32848043676069155,1099,
3,11.25,57.38786315917969,0.58719646799117,453,
4,12.26,408.3228759765625,0.7512437810945274,201,
5,16.25,261.0318603515625,0.5656836461126006,373,
1,-17.18,532.287109375,0.6646341463414634,328,
2,-9.13,533.02880859375,0.5454545454545454,550,
3,-17.49,319.1741943359375,0.6211340206185567,388,
4,-3.24,629.8037719726562,0.6193693693693694,444,
5,-41.81,669.2300415039062,0.4728950403690888,867,
1,-15.58,598.6820068359375,0.2498250524842547,1429,
2,-46.93,564.1033935546875,0.7198067632850241,414,
3,3.67,509.1299133300781,0.6479289940828402,338,
4,9.15,789.6349487304688,0.8087431693989071,183,
5,-5.72,485.5328369140625,0.6628787878787878,528,
1,35.17,11.955208778381348,0.46348314606741575,356,
2,18.55,18.304365158081055,0.5040431266846361,371,
3,22.45,106.50692749023438,0.6620498614958449,361,
4,-18.13,262.0717468261719,0.5433526011560693,519,
5,-12.86,303.2915344238281,0.5762376237623762,505,
1,2.01,152.05007934570312,0.682741116751269,394,
2,-37.48,675.7269287109375,0.785234899328859,298,
3,-5.48,643.0857543945312,0.5926724137931034,464,
4,-27.67,498.3766784667969,0.5989847715736041,394,
5,27.59,259.08819580078125,0.7111801242236024,322,
1,-26.87,203.15866088867188,0.7730263157894737,304,
2,-3.31,264.34832763671875,0.6666666666666666,357,
3,-3.58,306.8037109375,0.7216216216216216,370,
4,-30.92,477.2576599121094,0.7641196013289037,301,
5,-9.14,339.2616882324219,0.72,300,
1,0.96,269.79449462890625,0.6568364611260054,373,
2,-37.19,416.8958435058594,0.7319819819819819,444,
3,41.97,513.4505615234375,0.5526315789473685,532,
4,-15.7,195.4904022216797,0.5855855855855856,444,
5,-86.28,600.875,0.38140417457305503,1054,
1,42.41,39.917354583740234,0.6351351351351351,370,
2,16.49,215.685791015625,0.740983606557377,305,
3,-39.51,1220.005615234375,0.48464912280701755,912,
4,-15.49,350.9164123535156,0.7692307692307693,312,
5,21.91,424.81646728515625,0.7883435582822086,326,
1,4.25,379.1359558105469,0.6406844106463878,526,
2,-68.34,434.25079345703125,0.5257142857142857,525,
3,-4.63,452.77252197265625,0.6317073170731707,410,
4,-101.63,598.2548217773438,0.13260869565217392,2760,
5,-31.39,857.3577270507812,0.5094339622641509,477,
1,12.19,133.13670349121094,0.6567567567567567,370,
2,26.64,14.617358207702637,0.572347266881029,311,
3,-2.26,280.6102600097656,0.6422594142259415,478,
4,-46.62,429.9591369628906,0.809322033898305,236,
5,-114.84,794.5950317382812,0.4942339373970346,607,
1,-6.43,481.5961608886719,0.7061503416856492,439,
2,-51.36,699.3216552734375,0.75,432,
3,5.7,427.9711608886719,0.7257617728531855,361,
4,1.98,597.569091796875,0.3899280575539568,695,
5,14.16,375.4195861816406,0.7429467084639498,319,
1,15.85,80.07373809814453,0.6387959866220736,299,
2,-25.14,514.292236328125,0.565377532228361,543,
3,33.14,20.910003662109375,0.5641711229946524,374,
4,26.21,228.89279174804688,0.4147339699863574,733,
5,17.23,46.46860122680664,0.6083333333333333,480,
1,-1.08,152.67642211914062,0.6513994910941476,393,
2,-31.33,570.0798950195312,0.6360294117647058,544,
3,4.48,1033.0125732421875,0.6274271844660194,824,
4,-100.71,486.9237365722656,0.14416273584905662,3392,
5,-21.66,321.9032287597656,0.7867647058823529,272,
1,-15.29,419.6240234375,0.31938857602574416,1243,
2,71.75,8.495194435119629,0.44879518072289154,332,
3,27.66,50.97649002075195,0.6787003610108303,277,
4,-13.05,418.4072265625,0.40048543689320387,824,
5,27.08,206.14984130859375,0.6589327146171694,431,
1,-59.54,571.1710205078125,0.1620795107033639,2616,
2,-19.25,300.09747314453125,0.6686390532544378,338,
3,-10.52,796.4568481445312,0.628175519630485,433,
4,-12.86,404.6402282714844,0.7291666666666666,336,
5,-37.62,1026.23974609375,0.8277945619335347,331,
1,-6.22,371.7778015136719,0.6730769230769231,260,
2,-52.85,417.2960205078125,0.5688259109311741,494,
3,20.42,202.47877502441406,0.7783251231527094,203,
4,-34.1,413.1169738769531,0.531021897810219,548,
5,-46.41,508.30877685546875,0.24698367636621718,1409,
1,23.6,74.85944366455078,0.611764705882353,340,
2,-17.26,656.9891967773438,0.7887788778877888,303,
3,-14.92,363.0691223144531,0.5876777251184834,422,
4,5.32,111.00801086425781,0.650137741046832,363,
5,-33.22,428.69561767578125,0.3986013986013986,1144,
1,29.38,465.39306640625,0.8305647840531561,301,
2,36.22,418.1469421386719,0.702247191011236,356,
3,-36.05,547.9044189453125,0.24648985959438377,1923,
4,44.64,31.221702575683594,0.6262975778546713,289,
5,5.8,557.8262939453125,0.625,392,
1,-17.01,776.5507202148438,0.49914236706689535,583,
2,-4.66,612.3616943359375,0.30666666666666664,825,
3,-94.96,810.071533203125,0.10596491228070175,4275,
4,-78.21,609.904541015625,0.29313099041533547,1252,
5,-92.96,666.8616333007812,0.28703703703703703,1296,
1,23.77,398.6121826171875,0.6230366492146597,382,
2,-37.75,751.5753173828125,0.6545893719806763,414,
3,28.1,587.0806274414062,0.47833333333333333,600,
4,19.44,534.2509765625,0.5732984293193717,382,
5,-28.68,650.835693359375,0.4687975646879756,657,
1,17.24,609.1979370117188,0.29741019214703424,1197,
2,14.23,557.8523559570312,0.5776805251641138,457,
3,23.44,356.07305908203125,0.44642857142857145,448,
4,-214.94,1010.53466796875,0.4398496240601504,532,
5,-3.82,795.7215576171875,0.6167146974063401,347,
1,21.87,112.68018341064453,0.5285359801488834,403,
2,-29.71,463.4617614746094,0.6693989071038251,366,
3,10.2,166.80294799804688,0.5433884297520661,484,
4,-12.28,165.29879760742188,0.6980609418282548,361,
5,-9.71,729.5001220703125,0.7948717948717948,312,
1,21.75,545.2398071289062,0.25780124819971195,2083,
2,-13.12,371.2615661621094,0.49917627677100496,607,
3,-12.75,223.4150848388672,0.5517928286852589,502,
4,-15.39,270.4455871582031,0.6696629213483146,445,
5,0.25,291.9815368652344,0.6689655172413793,435,
1,21.3,229.7227020263672,0.6096385542168675,415,
2,-16.76,496.1766662597656,0.15367898168270724,3221,
3,0.76,613.7066650390625,0.7258064516129032,372,
4,-47.17,556.9959106445312,0.6570121951219512,656,
5,-36.98,515.3826904296875,0.7972508591065293,291,
1,-71.72,814.2630004882812,0.43720190779014306,629,
2,-21.35,500.2225341796875,0.49765258215962443,639,
3,0.01,422.04266357421875,0.684931506849315,365,
4,8.71,46.946136474609375,0.6230366492146597,382,
5,-131.19,611.3501586914062,0.11936720997123682,4172,
1,-30.25,646.818603515625,0.46858168761220825,557,
2,-23.61,597.7922973632812,0.7224334600760456,263,
3,-24.97,549.2227783203125,0.6133004926108374,406,
4,47.42,42.68076705932617,0.573208722741433,321,
5,-220.11,484.68206787109375,0.10103420843277645,5028,
1,-18.15,606.2510986328125,0.32724814063556457,1479,
2,8.91,438.58526611328125,0.7929515418502202,227,
3,-17.56,312.5353698730469,0.7115384615384616,416,
4,1.13,513.49267578125,0.6209262435677531,583,
5,-47.53,873.910400390625,0.5594817432273262,849,
1,34.8,38.96879577636719,0.5980707395498392,311,
2,-21.51,219.28855895996094,0.3447368421052632,1140,
3,42.41,13.182567596435547,0.5015974440894568,313,
4,-22.66,450.99658203125,0.26594700686947986,1019,
5,23.8,92.89065551757812,0.6216216216216216,370,
1,14.03,238.98580932617188,0.4609250398724083,627,
2,19.4,92.00741577148438,0.6728395061728395,324,
3,24.17,25.969863891601562,0.625,352,
4,-97.2,608.4111938476562,0.3088592233009709,1648,
5,14.19,250.65951538085938,0.6656891495601173,341,
1,-30.86,1016.2899169921875,0.5904334828101644,669,
2,-4.6,256.6479187011719,0.7474747474747475,297,
3,6.1,638.5457153320312,0.5168539325842697,356,
4,-57.25,744.2607421875,0.3524945770065076,922,
5,-6.8,429.1232604980469,0.6090750436300174,573,
1,19.5,28.57549476623535,0.6035242290748899,454,
2,-45.3,487.8826599121094,0.44010767160161507,743,
3,-23.48,407.5714416503906,0.7409470752089137,359,
4,-14.75,555.0358276367188,0.6222222222222222,675,
5,11.55,53.99840545654297,0.6730769230769231,260,
1,58.52,22.4773006439209,0.5525727069351231,447,
2,68.7,13.199707984924316,0.514745308310992,373,
3,29.62,262.21435546875,0.7247956403269755,367,
4,8.89,349.206787109375,0.5071090047393365,633,
5,60.82,444.57525634765625,0.6159250585480094,427,
1,28.88,85.98231506347656,0.7173144876325088,283,
2,0.66,491.0186767578125,0.632016632016632,481,
3,8.88,290.4019775390625,0.7307692307692307,364,
4,6.1,463.6339416503906,0.7446043165467626,278,
5,-64.72,638.68212890625,0.5808510638297872,470,
1,-22.89,431.8404235839844,0.26001571091908876,1273,
2,-36.94,712.6998291015625,0.358974358974359,858,
3,19.54,634.015625,0.6477541371158393,423,
4,-43.37,516.3895874023438,0.4015748031496063,635,
5,-2.26,204.12562561035156,0.649025069637883,359,
1,-4.84,415.031005859375,0.7813411078717201,343,
2,-25.01,443.8233337402344,0.6878048780487804,410,
3,-37.79,568.300537109375,0.7068965517241379,348,
4,-44.97,713.9852294921875,0.7922535211267606,284,
5,15.24,18.274673461914062,0.5327380952380952,336,
1,-3.41,477.0267028808594,0.39165701042873696,863,
2,8.54,216.78213500976562,0.6079295154185022,454,
3,-47.46,763.1077270507812,0.18369880016549442,2417,
4,8.4,357.92718505859375,0.688135593220339,295,
5,-0.77,433.8126525878906,0.38482758620689655,725,
1,24.71,279.0384521484375,0.4666666666666667,420,
2,-12.62,301.4471740722656,0.6989247311827957,279,
3,8.13,399.0402526855469,0.6579925650557621,269,
4,23.19,445.89599609375,0.6613924050632911,316,
5,-9.69,319.6903991699219,0.10363956162900825,7391,
1,33.38,147.39125061035156,0.537712895377129,411,
2,-10.68,339.9961242675781,0.4780821917808219,730,
3,0.69,273.7317810058594,0.7117117117117117,333,
4,7.66,41.91268539428711,0.6666666666666666,300,
5,-1.86,423.07147216796875,0.75,276,
1,4.34,223.92189025878906,0.694078947368421,304,
2,-16.24,590.470947265625,0.722007722007722,259,
3,-66.05,871.6804809570312,0.5262206148282098,553,
4,-41.82,624.4061279296875,0.7802547770700637,314,
5,-44.19,560.1126098632812,0.625,392,
1,9.96,128.740478515625,0.6073298429319371,573,
2,10.98,132.0478515625,0.5094850948509485,738,
3,49.28,360.4327087402344,0.5849056603773585,424,
4,24.88,16.288162231445312,0.5626740947075209,359,
5,-32.07,609.7573852539062,0.709832134292566,417,
1,-11.57,149.05335998535156,0.6748466257668712,326,
2,-11.4,322.6620788574219,0.5825958702064897,678,
3,-5.17,239.95973205566406,0.5068285280728376,659,
4,33.65,10.759190559387207,0.47802197802197804,364,
5,-19.13,702.5278930664062,0.23547400611620795,1962,
1,34.46,32.41604232788086,0.5777202072538861,386,
2,16.06,321.1397399902344,0.16310408921933087,2152,
3,17.3,215.38548278808594,0.6222760290556901,413,
4,46.81,114.89630126953125,0.5769230769230769,442,
5,-6.43,239.002685546875,0.6908713692946058,482,
1,-16.71,453.400146484375,0.5594315245478036,774,
2,5.43,272.3547058105469,0.5428082191780822,584,
3,28.27,127.1603012084961,0.6407506702412868,373,
4,-9.27,428.1407775878906,0.5549597855227882,746,
5,-40.83,522.4539184570312,0.4511627906976744,860,
1,-85.69,1114.101806640625,0.21663442940038685,3619,
2,5.76,120.68666076660156,0.6964980544747081,257,
3,-64.19,719.978759765625,0.6278409090909091,352,
4,-47.94,535.154052734375,0.22373081463990555,1694,
5,-76.06,980.436279296875,0.7387096774193549,310,
1,-29.97,550.2091064453125,0.48665955176093917,937,
2,-33.89,369.2298583984375,0.1658312447786132,2394,
3,21.23,48.96110916137695,0.6287262872628726,369,
4,-16.31,383.0967102050781,0.7536231884057971,276,
5,24.11,283.9801330566406,0.6344339622641509,424,
1,17.07,270.97833251953125,0.687192118226601,406,
2,28.06,293.5009765625,0.7439446366782007,289,
3,-6.62,373.52203369140625,0.5451263537906137,554,
4,-46.49,943.9055786132812,0.6416040100250626,399,
5,-8.49,1126.4306640625,0.6,300,
1,7.05,315.6707458496094,0.5929203539823009,452,
2,5.12,514.3172607421875,0.4816326530612245,490,
3,2.92,442.26275634765625,0.7072463768115942,345,
4,-39.59,649.0941772460938,0.7549668874172185,302,
5,-46.25,528.0967407226562,0.39666666666666667,900,
1,7.79,138.70391845703125,0.7030812324929971,357,
2,11.01,248.23851013183594,0.6781609195402298,348,
3,0.08,145.97378540039062,0.722007722007722,259,
4,5.6,337.98382568359375,0.5445134575569358,483,
5,-17.15,458.1107482910156,0.7390029325513197,341,
1,28.54,300.505126953125,0.5498938428874734,471,
2,19.1,322.0705871582031,0.7085561497326203,374,
3,29.93,263.8165588378906,0.706060606060606,330,
4,2.72,336.0973815917969,0.6644518272425249,301,
5,-66.57,416.7320861816406,0.3743482794577685,959,
1,-74.53,688.11865234375,0.5352323838080959,667,
2,24.11,20.70087432861328,0.5621621621621622,370,
3,3.67,287.7658386230469,0.5798525798525799,407,
4,7.39,823.6345825195312,0.7643504531722054,331,
5,-35.05,370.349365234375,0.7413333333333333,375,
1,20.92,58.70811462402344,0.664,250,
2,19.24,370.3631591796875,0.0802986638721509,7634,
3,-28.39,225.1206512451172,0.6460396039603961,404,
4,11.14,98.75869750976562,0.68125,320,
5,5.53,355.0501708984375,0.4380165289256198,726,
1,2.5,264.77825927734375,0.20173707066719304,2533,
2,1.36,27.885448455810547,0.5918367346938775,392,
3,21.43,8.021086692810059,0.5825545171339563,321,
4,-26.44,376.0740966796875,0.1839546191247974,2468,
5,10.33,14.212472915649414,0.5699208443271768,379,
1,-39.75,663.446044921875,0.6996336996336996,546,
2,-79.08,794.6920166015625,0.09479220112878399,7796,
3,11.42,247.41990661621094,0.4734375,640,
4,18.89,42.110809326171875,0.5920679886685553,353,
5,24.61,35.735206604003906,0.6,325,
1,-152.82,661.4058227539062,0.10293219303604154,6548,
2,18.42,338.20904541015625,0.6518105849582173,359,
3,-71.04,254.5585174560547,0.07605985037406483,8020,
4,-11.4,620.1156005859375,0.7689655172413793,290,
5,-13.16,308.6280212402344,0.7373737373737373,396,
1,4.65,304.01751708984375,0.6422018348623854,327,
2,-28.89,1111.21875,0.782608695652174,345,
3,31.72,240.05575561523438,0.6472303206997084,343,
4,-3.11,258.87750244140625,0.7326388888888888,288,
5,38.09,450.1337585449219,0.5172413793103449,638,
1,-25.46,450.4882507324219,0.14078674948240166,2898,
2,-78.69,526.4451293945312,0.5972461273666093,581,
3,23.81,220.041259765625,0.49434571890145396,619,
4,2.62,402.19622802734375,0.7146814404432132,361,
5,-38.2,467.191162109375,0.76,350,
1,23.7,260.2106628417969,0.6535714285714286,280,
2,26.31,334.2832946777344,0.7912087912087912,273,
3,20.25,407.98211669921875,0.6554621848739496,357,
4,41.51,549.2944946289062,0.11312217194570136,4420,
5,1.17,511.5514831542969,0.5313001605136437,623,
1,1.67,466.2193298339844,0.7274881516587678,422,
2,8.07,168.3948974609375,0.5904761904761905,420,
3,-42.02,634.7651977539062,0.7806451612903226,310,
4,-93.79,1003.6152954101562,0.5354609929078015,564,
5,-38.98,453.1548156738281,0.7840670859538784,477,
1,22.75,29.265520095825195,0.6139817629179332,329,
2,-103.52,387.07598876953125,0.07050889025137952,6524,
3,-28.65,538.3759155273438,0.297029702970297,909,
4,24.21,110.14387512207031,0.545054945054945,455,
5,14.06,251.47312927246094,0.525879917184265,483,
1,-6.16,362.1047058105469,0.6844349680170576,469,
2,1.64,424.09814453125,0.7268170426065163,399,
3,-18.51,487.4626770019531,0.7939560439560439,364,
4,11.45,163.00439453125,0.7488151658767772,211,
5,17.61,405.232421875,0.6756756756756757,444,
1,67.89,20.51095962524414,0.5741758241758241,364,
2,18.19,624.8701782226562,0.506900878293601,797,
3,12.9,343.17913818359375,0.84,200,
4,8.54,354.0226745605469,0.7440476190476191,336,
5,-8.25,463.7298889160156,0.6214689265536724,354,
1,35.11,63.573116302490234,0.07583902368153421,6883,
2,27.11,32.95943069458008,0.5163727959697733,397,
3,49.19,509.9742431640625,0.06537691794529686,7495,
4,46.88,212.001953125,0.3415802075019952,1253,
5,90.53,40.29924392700195,0.08589555880917521,6147,
1,6.0,295.9146728515625,0.4679611650485437,515,
2,-7.51,124.25302124023438,0.6124661246612466,369,
3,24.37,18.035045623779297,0.47692307692307695,390,
4,36.02,6.726283550262451,0.34277620396600567,353,
5,-10.66,227.26699829101562,0.6134185303514377,313,
1,-22.77,120.28094482421875,0.7562724014336918,279,
2,-58.84,642.0048217773438,0.5834829443447038,557,
3,-24.02,61.71441650390625,0.6415094339622641,371,
4,-49.46,554.0714721679688,0.6806526806526807,429,
5,-10.52,541.9736938476562,0.7928176795580111,362,
1,-20.84,84.67507934570312,0.7721518987341772,474,
2,30.46,13.23914623260498,0.462406015037594,266,
3,7.3,296.62738037109375,0.4704904405652535,1203,
4,15.04,409.9395751953125,0.5714285714285714,392,
5,13.72,178.63253784179688,0.5742296918767507,357,
1,6.68,351.7473449707031,0.7306733167082294,401,
2,7.19,415.8874206542969,0.7,370,
3,15.2,44.10865020751953,0.6320754716981132,318,
4,28.13,34.383094787597656,0.6051136363636364,352,
5,19.91,45.59932327270508,0.6151419558359621,317,
1,-64.36,295.6597900390625,0.6179775280898876,356,
2,-9.2,398.4354553222656,0.4793233082706767,532,
3,15.61,14.245777130126953,0.527972027972028,286,
4,13.68,13.148504257202148,0.5223880597014925,335,
5,-59.52,402.5761413574219,0.7009345794392523,321,
1,8.43,33.47776412963867,0.5794871794871795,195,
2,27.66,332.7981262207031,0.5634408602150538,465,
3,8.64,665.93408203125,0.5812917594654788,449,
4,-74.32,451.8894958496094,0.0999688570538773,3211,
5,25.16,405.3176574707031,0.45869565217391306,460,
1,10.37,163.86366271972656,0.513978494623656,465,
2,-52.17,676.5516357421875,0.48041237113402063,485,
3,-50.3,499.7059326171875,0.3192261185006046,827,
4,-44.08,453.6083679199219,0.13798111837327523,2754,
5,-32.65,471.8486022949219,0.6346604215456675,427,
1,-24.42,456.1002502441406,0.5626326963906582,471,
2,13.79,128.15774536132812,0.5584415584415584,539,
3,6.68,63.543113708496094,0.6184538653366584,401,
4,-17.9,185.4107666015625,0.7133333333333334,300,
5,9.93,39.07661819458008,0.6096096096096096,333,
1,-23.85,460.9446105957031,0.6532663316582915,398,
2,-24.97,513.650634765625,0.7269372693726938,271,
3,-15.32,661.2330322265625,0.5843621399176955,486,
4,28.27,107.33413696289062,0.5979020979020979,286,
5,-14.38,301.8109130859375,0.6946564885496184,393,
1,-11.06,457.7375793457031,0.7254335260115607,346,
2,5.29,392.0193176269531,0.6205962059620597,369,
3,-31.67,520.396728515625,0.49521531100478466,418,
4,-35.69,641.1176147460938,0.49025069637883006,718,
5,-37.96,470.14398193359375,0.548926014319809,419,
1,-1.11,443.1178894042969,0.5038910505836576,514,
2,15.78,295.7442626953125,0.6883116883116883,231,
3,9.48,71.244873046875,0.6182965299684543,317,
4,-16.23,365.40338134765625,0.31758957654723124,1228,
5,29.48,68.23063659667969,0.5975609756097561,328,
1,-11.03,566.3903198242188,0.6054590570719603,403,
2,0.01,616.8903198242188,0.4990892531876138,549,
3,-13.16,436.540771484375,0.49925925925925924,675,
4,-66.45,700.4329833984375,0.5454545454545454,418,
5,0.66,314.6197204589844,0.40372670807453415,483,
1,6.44,396.56427001953125,0.5228070175438596,570,
2,15.82,541.1055908203125,0.5909090909090909,374,
3,-23.1,670.9205932617188,0.5144694533762058,622,
4,9.25,486.22906494140625,0.6511627906976745,258,
5,7.76,358.41650390625,0.6932515337423313,326,
1,-19.82,74.10611724853516,0.26911157024793386,1936,
2,4.85,23.798389434814453,0.5459610027855153,359,
3,34.46,7.645580291748047,0.49560117302052786,341,
4,-3.35,78.29984283447266,0.7862068965517242,290,
5,-29.03,391.55523681640625,0.696969696969697,495,
1,-23.99,432.8607177734375,0.6324324324324324,555,
2,-4.09,152.43251037597656,0.6717391304347826,460,
3,-40.49,651.6763305664062,0.36514118792599803,1027,
4,-22.23,453.7857666015625,0.6771037181996086,511,
5,29.59,17.480989456176758,0.6126482213438735,253,
1,47.62,199.00912475585938,0.580952380952381,315,
2,-132.68,537.9037475585938,0.09467559943582511,5672,
3,99.67,598.21630859375,0.06212624584717608,6020,
4,-1.66,248.67828369140625,0.48217317487266553,589,
5,-28.86,371.3598327636719,0.5825242718446602,412,
1,33.65,52.67546081542969,0.590443686006826,293,
2,-37.69,370.69921875,0.5165945165945166,693,
3,-9.27,435.2829895019531,0.6904761904761905,420,
4,-49.2,449.4272766113281,0.7318435754189944,537,
5,-29.1,397.3028259277344,0.6323529411764706,408,
1,-9.0,261.73504638671875,0.706855791962175,423,
2,-27.91,312.0179138183594,0.6465927099841522,631,
3,2.21,247.05032348632812,0.6363636363636364,506,
4,-38.3,380.6593933105469,0.6460176991150443,452,
5,53.1,13.727203369140625,0.5341246290801187,337,
1,-27.84,516.8544311523438,0.43175487465181056,718,
2,41.2,419.52557373046875,0.05689450809956539,7593,
3,10.33,19.942068099975586,0.6327868852459017,305,
4,2.21,351.7106018066406,0.6049149338374291,529,
5,-100.27,1363.3536376953125,0.3805774278215223,1524,
1,-7.3,291.8292541503906,0.5660377358490566,583,
2,-1.39,147.95677185058594,0.7488372093023256,215,
3,8.71,102.77862548828125,0.6790450928381963,377,
4,-3.18,181.3478546142578,0.660377358490566,371,
5,-55.59,455.02191162109375,0.5680851063829787,470,
1,37.54,41.16017150878906,0.5195530726256983,358,
2,-33.69,671.844482421875,0.5090252707581228,554,
3,42.18,414.5137939453125,0.29928172386272944,1253,
4,24.31,381.66375732421875,0.3188259109311741,988,
5,24.45,184.8900604248047,0.5150300601202404,499,
1,6.04,316.2519836425781,0.6078767123287672,584,
2,-26.63,403.95758056640625,0.7603833865814696,313,
3,28.06,18.840084075927734,0.5267175572519084,393,
4,1.4,172.0490264892578,0.6172839506172839,324,
5,-26.59,338.99420166015625,0.6384615384615384,520,
1,-175.21,489.4905090332031,0.11334002006018054,5982,
2,-18.61,993.9881591796875,0.8701298701298701,154,
3,-77.34,822.3074340820312,0.6066134549600912,877,
4,12.46,20.26267433166504,0.5226586102719033,331,
5,-27.33,570.4056396484375,0.6272321428571429,448,
1,-27.9,288.7644348144531,0.13909898059848733,3041,
2,39.67,18.903959274291992,0.5830618892508144,307,
3,-18.74,418.265380859375,0.4973821989528796,573,
4,-17.46,582.7894287109375,0.8534031413612565,191,
5,-42.83,832.162841796875,0.5040650406504065,615,
1,27.32,57.02753829956055,0.5119453924914675,293,
2,26.17,419.19921875,0.416015625,512,
3,5.09,297.75640869140625,0.3935309973045822,742,
4,-12.35,381.9831237792969,0.5976095617529881,502,
5,0.77,557.5172729492188,0.11082662765179224,2734,
1,23.29,145.0869903564453,0.7138263665594855,311,
2,8.44,118.02977752685547,0.6283422459893048,374,
3,-52.78,798.6443481445312,0.38857142857142857,875,
4,3.7,381.2132263183594,0.6825842696629213,356,
5,-12.75,383.0475769042969,0.7713310580204779,293,
1,78.35,329.68280029296875,0.05959195655364744,6813,
2,-27.84,653.4967041015625,0.5549872122762148,391,
3,22.21,25.471635818481445,0.5440729483282675,329,
4,-6.66,340.0262756347656,0.6465753424657534,365,
5,-13.97,208.3788604736328,0.6653992395437263,263,
1,-67.34,889.6751098632812,0.7367021276595744,376,
2,-11.57,318.65350341796875,0.2233896756509822,2189,
3,-57.72,808.2068481445312,0.6451612903225806,434,
4,8.61,35.478309631347656,0.5907692307692308,325,
5,-163.32,565.836669921875,0.3667296786389414,529,
1,-20.47,371.67694091796875,0.4059171597633136,845,
2,22.45,22.950054168701172,0.602803738317757,214,
3,6.47,86.828125,0.601078167115903,371,
4,2.11,150.4949188232422,0.5994397759103641,357,
5,-34.16,122.44570922851562,0.5896980461811723,563,
1,-4.94,311.2702941894531,0.6143790849673203,306,
2,-6.22,475.0638732910156,0.5009596928982726,521,
3,-5.58,130.8134307861328,0.6461988304093568,342,
4,-28.35,498.31964111328125,0.676829268292683,328,
5,-44.09,407.92626953125,0.4128205128205128,780,
1,19.61,292.9180908203125,0.3702064896755162,678,
2,42.21,33.717044830322266,0.4710526315789474,380,
3,10.2,148.52671813964844,0.23737373737373738,1188,
4,20.15,149.23443603515625,0.49552772808586765,559,
5,24.99,274.6193542480469,0.3481927710843373,830,
1,18.18,44.56059646606445,0.5124653739612188,361,
2,-95.88,513.5964965820312,0.21820448877805487,1604,
3,-36.98,523.6473388671875,0.4663299663299663,594,
4,-13.3,295.6998291015625,0.5442359249329759,373,
5,20.31,21.877777099609375,0.5357142857142857,308,
1,-19.69,458.8475036621094,0.4991482112436116,587,
2,-42.97,845.18603515625,0.32205513784461154,1596,
3,-21.31,618.5919799804688,0.4538653366583541,802,
4,-44.59,1172.1546630859375,0.6836734693877551,392,
5,22.14,11.240828514099121,0.48502994011976047,334,
1,-104.1,761.094482421875,0.1997602876548142,2503,
2,-54.27,555.8147583007812,0.6731141199226306,517,
3,-28.19,234.32765197753906,0.6796116504854369,412,
4,32.4,281.9359130859375,0.667447306791569,427,
5,-60.94,710.3943481445312,0.6498470948012233,654,
1,-19.08,193.439453125,0.6649874055415617,397,
2,-18.94,378.70355224609375,0.5051369863013698,584,
3,9.48,24.62615394592285,0.6054216867469879,332,
4,-13.91,591.0140380859375,0.7709677419354839,310,
5,-36.19,711.6243286132812,0.1817940552016985,3768,
1,12.46,29.748249053955078,0.56,325,
2,-9.64,146.46945190429688,0.6824512534818942,359,
3,4.24,166.15438842773438,0.6144578313253012,332,
4,-146.05,478.06097412109375,0.10955710955710955,3861,
5,-22.03,224.0071258544922,0.7771260997067448,341,
1,-4.67,101.05162811279297,0.7109375,256,
2,-2.26,120.55104064941406,0.6457286432160804,398,
3,-64.45,681.9151000976562,0.5315161839863713,587,
4,-27.41,332.3777160644531,0.6935064935064935,385,
5,-12.25,389.01922607421875,0.614,500,
1,-21.65,459.8936462402344,0.4838709677419355,527,
2,-19.01,438.38916015625,0.26137239784117194,1297,
3,-18.6,642.1150512695312,0.3118131868131868,728,
4,-51.5,903.9664306640625,0.7703488372093024,344,
5,-62.22,728.4948120117188,0.4552736982643525,749,
1,23.6,385.742919921875,0.5164179104477612,335,
2,-8.63,544.0300903320312,0.7965367965367965,231,
3,-29.88,248.24252319335938,0.6946107784431138,334,
4,-21.18,367.21087646484375,0.5316666666666666,600,
5,15.27,402.8951416015625,0.6685714285714286,350,
1,4.18,289.3070373535156,0.5517241379310345,551,
2,-0.78,145.09039306640625,0.6524390243902439,328,
3,-108.81,883.5357055664062,0.4489051094890511,822,
4,19.3,30.77376937866211,0.5538461538461539,325,
5,-75.69,760.2225341796875,0.5072727272727273,550,
1,20.79,20.71455955505371,0.5769230769230769,312,
2,4.1,157.26524353027344,0.679144385026738,374,
3,-1.49,111.29405212402344,0.5929203539823009,339,
4,-56.67,783.4115600585938,0.5915750915750916,546,
5,-16.07,234.8326873779297,0.6985507246376812,345,
1,45.15,8.583306312561035,0.42058823529411765,340,
2,11.28,177.520263671875,0.5260869565217391,460,
3,42.92,38.66339874267578,0.56,325,
4,-48.68,397.3517150878906,0.3509803921568627,1020,
5,-8.9,439.91046142578125,0.5413929040735874,761,
1,-15.6,339.40570068359375,0.6616541353383458,399,
2,-32.91,691.9581909179688,0.3273584905660377,1060,
3,24.14,232.1815948486328,0.6632390745501285,389,
4,34.09,61.89259338378906,0.554089709762533,379,
5,40.66,897.134033203125,0.4373040752351097,638,
1,50.06,31.822097778320312,0.5760233918128655,342,
2,42.31,166.50177001953125,0.5853658536585366,287,
3,-7.85,427.2915344238281,0.5275938189845475,453,
4,20.15,497.7904968261719,0.3845070422535211,710,
5,11.52,429.9573059082031,0.49901768172888017,509,
1,5.05,227.60948181152344,0.5883575883575883,481,
2,60.14,7.386715412139893,0.4311377245508982,334,
3,8.78,228.50697326660156,0.6489028213166145,319,
4,-0.13,393.83447265625,0.5140845070422535,568,
5,-23.07,352.4308166503906,0.5813630041724618,719,
1,24.55,439.686279296875,0.6688311688311688,308,
2,7.79,423.18243408203125,0.6295336787564767,386,
3,-57.38,550.6640014648438,0.4033232628398791,662,
4,-21.55,614.4744262695312,0.36363636363636365,759,
5,-46.96,899.2356567382812,0.4948148148148148,675,
1,-57.22,368.91046142578125,0.6167883211678832,548,
2,-26.18,446.1433410644531,0.45706371191135736,722,
3,-41.69,569.7505493164062,0.6592844974446337,587,
4,-32.82,678.009765625,0.74,350,
5,18.28,142.85711669921875,0.7011173184357542,358,
1,67.49,255.94239807128906,0.06184850590687978,7195,
2,71.45,50.33806228637695,0.06995133819951338,6576,
3,-35.82,648.0034790039062,0.1481149012567325,2228,
4,40.62,728.5643310546875,0.26098617701671134,4847,
5,31.92,29.131296157836914,0.49441340782122906,358,
1,24.68,7.771342754364014,0.5615141955835962,317,
2,3.8,62.68403625488281,0.6805970149253732,335,
3,-38.13,180.0091094970703,0.6835820895522388,335,
4,-18.84,432.8567810058594,0.584070796460177,339,
5,12.56,17.58792495727539,0.617737003058104,327,
1,15.0,30.850059509277344,0.6125461254612546,271,
2,25.22,58.959449768066406,0.58,350,
3,18.39,38.63697052001953,0.6145454545454545,275,
4,18.73,429.0849914550781,0.7017543859649122,285,
5,15.34,132.66415405273438,0.6707818930041153,243,
1,9.86,367.6523742675781,0.66,250,
2,24.07,33.743526458740234,0.6048632218844985,329,
3,-19.29,324.5195617675781,0.795774647887324,284,
4,28.24,371.6260681152344,0.4929906542056075,428,
5,-47.29,533.9728393554688,0.5553191489361702,470,
1,-4.05,252.0289306640625,0.4437726723095526,827,
2,22.85,108.59407043457031,0.6342857142857142,350,
3,-212.06,918.8316650390625,0.44523326572008115,986,
4,-13.7,175.95176696777344,0.5825242718446602,309,
5,7.63,135.95272827148438,0.6103896103896104,462,
1,17.47,94.2894287109375,0.608843537414966,294,
2,-6.56,145.14035034179688,0.6702355460385439,467,
3,-29.03,456.2992858886719,0.7277936962750716,349,
4,-32.65,533.0038452148438,0.5131313131313131,495,
5,-8.48,651.7903442382812,0.1417785234899329,3576,
1,-76.06,633.7816772460938,0.6724137931034483,348,
2,17.88,14.526057243347168,0.5976331360946746,338,
3,-36.23,478.8300476074219,0.5387323943661971,568,
4,7.56,15.557908058166504,0.5833333333333334,324,
5,4.0,18.09901237487793,0.6354515050167224,299,
1,-8.31,568.4888916015625,0.5587703435804702,553,
2,-38.7,627.1328125,0.5278514588859416,377,
3,-45.75,643.1314697265625,0.8006756756756757,296,
4,-36.71,737.5075073242188,0.6091954022988506,522,
5,11.63,58.75760269165039,0.37518248175182484,685,
1,-63.88,492.5581970214844,0.6465968586387435,382,
2,4.28,520.5838623046875,0.5983827493261455,371,
3,-43.41,436.69732666015625,0.5724137931034483,435,
4,27.32,13.83831787109375,0.5789473684210527,323,
5,-22.59,620.9482421875,0.3926014319809069,838,
1,-14.67,481.1786193847656,0.2254437869822485,1690,
2,1.47,409.0765075683594,0.4494875549048316,683,
3,43.63,18.195188522338867,0.521613832853026,347,
4,21.6,312.2197265625,0.5365853658536586,410,
5,4.99,139.54623413085938,0.5318275154004107,487,
1,-43.68,636.7794189453125,0.6989795918367347,392,
2,13.07,27.411664962768555,0.5670731707317073,328,
3,-50.31,786.4747314453125,0.47739602169981915,553,
4,-7.95,414.4665832519531,0.696875,320,
5,-16.47,393.67413330078125,0.47003994673768307,751,
1,-7.81,673.287353515625,0.450199203187251,753,
2,16.09,389.5337829589844,0.35294117647058826,918,
3,-18.2,401.1451110839844,0.7822222222222223,225,
4,20.18,170.89810180664062,0.5605095541401274,471,
5,-8.63,351.1403503417969,0.6996904024767802,323,
1,33.99,454.4718017578125,0.5492957746478874,497,
2,22.58,71.38289642333984,0.45187601957585644,613,
3,27.56,62.91791534423828,0.5544871794871795,312,
4,21.6,340.26031494140625,0.619277108433735,415,
5,45.9,161.85430908203125,0.5434298440979956,449,
1,24.59,535.029541015625,0.4772151898734177,790,
2,50.43,574.6785278320312,0.7433628318584071,339,
3,13.42,645.366943359375,0.5858585858585859,495,
4,-19.3,489.5425720214844,0.25654008438818565,1185,
5,79.3,521.897216796875,0.04747380983954383,7541,
1,31.72,10.455066680908203,0.5037220843672456,403,
2,33.88,158.85104370117188,0.672316384180791,354,
3,1.1,320.12347412109375,0.46473779385171793,553,
4,37.71,6.439377784729004,0.4875444839857651,281,
5,22.24,319.20281982421875,0.7492625368731564,339,
1,28.06,293.536376953125,0.5452127659574468,376,
2,48.74,106.70050048828125,0.3684210526315789,513,
3,38.08,212.8409423828125,0.39633286318758815,709,
4,-31.29,724.460205078125,0.5915080527086384,683,
5,-12.86,413.4872741699219,0.5801886792452831,424,
1,36.02,196.5603790283203,0.501187648456057,421,
2,-3.27,269.5892639160156,0.39914163090128757,699,
3,13.31,180.90065002441406,0.6308139534883721,344,
4,27.7,480.3879089355469,0.20914214151534127,1597,
5,-57.4,468.4761047363281,0.11661845911122798,7606,
1,-50.18,725.8228759765625,0.6471774193548387,496,
2,-16.55,117.50926208496094,0.6363636363636364,374,
3,-96.19,653.5814819335938,0.6180904522613065,398,
4,-75.12,525.3232421875,0.651017214397496,639,
5,-25.61,324.7240295410156,0.8391304347826087,230,
1,-84.79,420.0301818847656,0.33804238143289606,991,
2,32.02,32.214569091796875,0.5236842105263158,380,
3,-4.26,52.01389694213867,0.5901162790697675,344,
4,-3.52,93.85073852539062,0.5637755102040817,392,
5,29.38,14.377938270568848,0.46864686468646866,303,
1,1.06,415.14263916015625,0.46440677966101696,590,
2,12.97,121.03983306884766,0.6744186046511628,301,
3,14.09,20.882352828979492,0.36,725,
4,3.02,163.2917022705078,0.7105263157894737,380,
5,26.48,411.16156005859375,0.5846560846560847,378,
1,-6.7,150.5455322265625,0.6863636363636364,220,
2,7.93,494.6579284667969,0.7043189368770764,301,
3,5.16,128.5699920654297,0.47471451876019577,613,
4,-0.68,432.4295349121094,0.5876288659793815,388,
5,-50.58,797.7145385742188,0.686,500,
1,16.25,32.86051940917969,0.4684931506849315,365,
2,-2.6,124.58370971679688,0.6151419558359621,317,
3,0.35,152.93377685546875,0.6655172413793103,290,
4,-32.89,397.2355651855469,0.6069767441860465,430,
5,-43.11,525.5189208984375,0.6698113207547169,424,
1,24.68,246.11732482910156,0.5691489361702128,376,
2,-3.31,468.6468200683594,0.7034883720930233,344,
3,18.08,105.06745147705078,0.7255520504731862,317,
4,1.91,336.9714660644531,0.7146892655367232,354,
5,-25.44,513.3944702148438,0.7522658610271903,331,
1,-42.7,398.412841796875,0.49833333333333335,600,
2,2.79,313.0753173828125,0.7783783783783784,185,
3,-1.59,191.15774536132812,0.5,400,
4,13.68,39.38938903808594,0.584070796460177,339,
5,3.4,153.19491577148438,0.5492610837438424,406,
1,-33.9,590.537109375,0.6512345679012346,324,
2,-17.02,512.857177734375,0.7783783783783784,185,
3,-16.17,778.3553466796875,0.7716049382716049,162,
4,-32.21,853.685791015625,0.6090651558073654,353,
5,-25.61,401.5537109375,0.6284403669724771,436,
1,21.26,71.6381607055664,0.36850393700787404,635,
2,9.33,194.46157836914062,0.08765122118237845,4381,
3,51.89,12.0957612991333,0.3466666666666667,375,
4,34.33,87.86570739746094,0.2753926701570681,955,
5,3.33,595.4384155273438,0.3079896907216495,776,
1,3.6,30.103412628173828,0.6144578313253012,332,
2,-27.7,837.783447265625,0.1932059447983015,2826,
3,-10.83,290.77069091796875,0.6330275229357798,436,
4,22.48,394.08599853515625,0.753125,320,
5,-0.88,351.3560791015625,0.6778042959427207,419,
1,-19.22,216.6896514892578,0.7594202898550725,345,
2,24.07,13.478224754333496,0.5481927710843374,332,
3,2.15,207.9910125732422,0.5960170697012802,703,
4,-33.53,340.61517333984375,0.5532846715328467,685,
5,-13.46,393.5440673828125,0.7052631578947368,380,
1,38.89,139.5283966064453,0.7049808429118773,261,
2,18.73,169.60592651367188,0.6284403669724771,436,
3,15.82,482.4396667480469,0.4121929026387625,1099,
4,16.36,482.6856689453125,0.7288135593220338,236,
5,7.15,435.1719665527344,0.6807610993657506,473,
1,15.24,224.80795288085938,0.7329700272479565,367,
2,-153.05,805.3838500976562,0.11855072463768115,6900,
3,10.3,514.8043212890625,0.5358910891089109,808,
4,-3.14,398.7988586425781,0.8231292517006803,294,
5,-95.66,611.4674072265625,0.4898989898989899,594,
1,-0.84,243.2447509765625,0.7196531791907514,346,
2,-41.2,587.7872924804688,0.481216457960644,559,
3,11.08,398.7541809082031,0.5082644628099173,484,
4,1.03,216.3661651611328,0.7956521739130434,230,
5,39.77,11.937692642211914,0.48286604361370716,321,
1,26.0,82.15094757080078,0.5825545171339563,321,
2,-45.02,432.0812072753906,0.06948580504268413,5037,
3,-20.47,218.1221160888672,0.49344978165938863,458,
4,1.61,266.3042907714844,0.3964401294498382,618,
5,-3.64,508.30999755859375,0.32808988764044944,890,
1,-398.4,177.2175750732422,0.39304347826086955,4600,
2,-12.72,422.7679748535156,0.7362637362637363,273,
3,82.27,21.420419692993164,0.10350030175015087,3314,
4,-19.39,224.4306182861328,0.5568181818181818,440,
5,46.4,13.854223251342773,0.46953405017921146,279,
1,16.63,136.68797302246094,0.5207100591715976,507,
2,38.49,107.13384246826172,0.5126353790613718,554,
3,0.86,111.47686767578125,0.6525974025974026,308,
4,14.53,308.6885070800781,0.6263157894736842,380,
5,23.8,204.73672485351562,0.7510204081632653,245,
1,1.87,118.89901733398438,0.5601851851851852,432,
2,-32.65,468.0650329589844,0.3505903723887375,1101,
3,-27.85,390.1643371582031,0.5819397993311036,598,
4,-18.31,297.21197509765625,0.7222222222222222,306,
5,-26.25,369.6123046875,0.7781818181818182,275,
1,-27.34,589.7989501953125,0.7410071942446043,278,
2,29.86,240.389892578125,0.6295180722891566,332,
3,28.43,66.44470977783203,0.64375,320,
4,6.58,171.95626831054688,0.6446078431372549,408,
5,26.0,29.338153839111328,0.5481049562682215,343,
1,-7.27,597.5987548828125,0.7073170731707317,287,
2,15.44,254.3529815673828,0.6306306306306306,333,
3,3.26,504.02972412109375,0.5905882352941176,425,
4,19.81,46.4166145324707,0.5175,400,
5,-2.13,434.8848876953125,0.5159474671669794,533,
1,-9.4,188.22193908691406,0.6423982869379015,467,
2,10.33,132.4545440673828,0.7046153846153846,325,
3,-9.74,242.57363891601562,0.7037037037037037,270,
4,27.05,23.605606079101562,0.5568181818181818,352,
5,8.71,85.7866439819336,0.670926517571885,313,
1,21.57,63.687774658203125,0.6191780821917808,365,
2,47.83,30.83799171447754,0.5680473372781065,338,
3,-14.04,411.9396667480469,0.5862068965517241,464,
4,28.27,14.515944480895996,0.5488721804511278,399,
5,33.34,17.17384147644043,0.5515463917525774,388,
1,24.41,148.6641082763672,0.6240409207161125,391,
2,33.75,11.152623176574707,0.5,310,
3,19.91,37.76753616333008,0.6170798898071626,363,
4,-10.83,162.0231170654297,0.6742424242424242,396,
5,-11.6,325.12158203125,0.563265306122449,490,
1,14.66,19.63011932373047,0.4543147208121827,394,
2,32.9,50.6954460144043,0.4960835509138381,383,
3,55.24,17.591602325439453,0.5023041474654378,217,
4,35.27,263.85931396484375,0.589041095890411,292,
5,25.56,546.33544921875,0.41973490427098675,679,
1,35.78,10.564571380615234,0.5161290322580645,372,
2,29.48,49.74544906616211,0.6080402010050251,398,
3,-16.83,338.3271179199219,0.14809311540366518,2019,
4,-3.21,144.77774047851562,0.6830357142857143,224,
5,-82.48,636.149658203125,0.4275184275184275,814,
1,48.13,80.19184875488281,0.4597156398104265,422,
2,57.37,441.4355773925781,0.5641025641025641,546,
3,22.99,70.36895751953125,0.5574712643678161,348,
4,30.4,52.63050842285156,0.5682539682539682,315,
5,35.85,78.6651382446289,0.5865921787709497,358,
1,9.18,35.26490020751953,0.6936619718309859,284,
2,-7.17,695.0468139648438,0.5655737704918032,610,
3,4.86,355.48065185546875,0.6516129032258065,465,
4,-26.06,224.0836181640625,0.8056872037914692,211,
5,-97.96,526.4368896484375,0.7587476979742173,543,
1,44.18,232.0465545654297,0.27317763623496105,1413,
2,16.42,39.70528030395508,0.5170278637770898,323,
3,-82.25,843.2557983398438,0.20123664980326025,1779,
4,-52.07,611.4664916992188,0.6596434359805511,617,
5,12.73,29.77928924560547,0.5194805194805194,308,
1,-32.35,310.60235595703125,0.7627118644067796,295,
2,12.13,982.753173828125,0.7146401985111662,403,
3,11.75,48.96137619018555,0.632258064516129,310,
4,-4.16,394.9278259277344,0.7325,400,
5,-14.62,495.1334533691406,0.7911392405063291,316,
1,4.11,328.6208801269531,0.6407766990291263,309,
2,-73.11,479.1390686035156,0.10586907449209933,4430,
3,-13.06,386.6644287109375,0.6348448687350835,419,
4,14.3,719.411865234375,0.410828025477707,628,
5,-26.69,717.2197265625,0.5007587253414264,659,
1,15.91,83.54902648925781,0.6310344827586207,290,
2,-11.33,284.5691223144531,0.6804407713498623,363,
3,-12.62,237.848388671875,0.7350993377483444,302,
4,45.59,12.699565887451172,0.5072046109510087,347,
5,0.15,85.78050231933594,0.6706730769230769,416,
1,-64.86,863.16455078125,0.5787401574803149,508,
2,-230.64,1041.834228515625,0.5194479297365119,797,
3,-3.14,971.75634765625,0.4742268041237113,388,
4,10.84,42.26252746582031,0.6310160427807486,374,
5,-280.26,46.185577392578125,0.3138500635324015,787,
1,39.57,19.97015380859375,0.5495495495495496,333,
2,59.33,12.465539932250977,0.4791666666666667,336,
3,55.88,16.19391441345215,0.5202702702702703,296,
4,-0.47,259.6219482421875,0.72,325,
5,31.35,100.29574584960938,0.6418439716312057,282,
1,27.15,281.0021667480469,0.7133333333333334,300,
2,15.24,213.79220581054688,0.6970588235294117,340,
3,-36.23,426.3551025390625,0.3151618398637138,1174,
4,6.21,379.7981872558594,0.6918767507002801,357,
5,-121.42,736.47607421875,0.8970588235294118,68,
1,-22.13,106.24164581298828,0.49195402298850577,435,
2,29.76,366.49365234375,0.5456852791878173,394,
3,-4.26,570.0350952148438,0.4636363636363636,550,
4,-29.19,314.09075927734375,0.4305835010060362,497,
5,31.75,66.2213363647461,0.5067385444743935,371,
1,37.54,20.083650588989258,0.5084269662921348,356,
2,25.39,117.12818908691406,0.6246246246246246,333,
3,-21.89,234.11801147460938,0.5711775043936731,569,
4,9.25,220.71368408203125,0.46153846153846156,585,
5,5.19,287.5887451171875,0.6503067484662577,326,
1,-21.82,282.05963134765625,0.710594315245478,387,
2,-11.06,105.46298217773438,0.6452442159383034,389,
3,-16.14,412.65625,0.6765498652291105,371,
4,-16.34,163.34713745117188,0.6699507389162561,406,
5,23.39,19.39200210571289,0.45792079207920794,404,
1,-25.24,213.05560302734375,0.6102783725910065,467,
2,-39.45,375.8770751953125,0.6484149855907781,347,
3,-31.4,341.4228515625,0.7155172413793104,348,
4,-77.83,967.8768920898438,0.6174496644295302,447,
5,-16.78,142.01870727539062,0.710691823899371,318,
1,49.96,64.83053588867188,0.5171339563862928,321,
2,40.35,494.1772155761719,0.5189873417721519,395,
3,-72.13,1203.1065673828125,0.545,400,
4,35.51,42.75887680053711,0.4943820224719101,445,
5,26.85,137.33692932128906,0.5632530120481928,332,
1,-0.74,418.390869140625,0.6812865497076024,342,
2,40.58,17.443553924560547,0.5031847133757962,314,
3,13.24,206.4960479736328,0.49447077409162715,633,
4,31.11,112.24687957763672,0.6291793313069909,329,
5,-16.27,628.6588745117188,0.6327077747989276,373,
1,32.94,42.746849060058594,0.6589595375722543,346,
2,44.54,12.509812355041504,0.5280898876404494,356,
3,-13.7,288.3238830566406,0.7046004842615012,413,
4,-3.27,374.6950988769531,0.24907846234860453,1899,
5,41.8,15.04337215423584,0.5652173913043478,322,
1,30.03,40.12161636352539,0.3975720789074355,659,
2,-48.79,434.9920959472656,0.5254237288135594,472,
3,12.09,211.67105102539062,0.4248985115020298,739,
4,-24.93,606.5333251953125,0.4411214953271028,535,
5,17.34,22.717815399169922,0.5294117647058824,323,
1,25.53,123.78477478027344,0.6059850374064838,401,
2,16.15,165.02755737304688,0.575984990619137,533,
3,21.13,139.5038604736328,0.6773333333333333,375,
4,38.46,157.98257446289062,0.425414364640884,543,
5,25.19,57.50065994262695,0.6203966005665722,353,
1,16.39,94.16986083984375,0.6243386243386243,378,
2,20.87,479.5196228027344,0.27169359664871334,1671,
3,-2.06,286.95013427734375,0.7246835443037974,316,
4,30.77,331.4814147949219,0.6022222222222222,450,
5,58.42,12.900625228881836,0.46827794561933533,331,
1,-34.88,343.1091003417969,0.5745098039215686,510,
2,24.98,20.438804626464844,0.5647058823529412,255,
3,9.62,71.38143157958984,0.6153846153846154,390,
4,23.46,48.5850944519043,0.5764705882352941,340,
5,-39.52,377.4103088378906,0.6371191135734072,361,
1,40.24,76.59410095214844,0.5631578947368421,190,
2,35.68,212.457763671875,0.5705128205128205,312,
3,22.55,509.04083251953125,0.657243816254417,283,
4,9.45,545.6767578125,0.50390625,512,
5,37.4,258.9373779296875,0.5225806451612903,465,
1,-0.07,406.16021728515625,0.7519582245430809,383,
2,9.56,231.75595092773438,0.654228855721393,402,
3,-8.66,468.4770202636719,0.6334661354581673,502,
4,-10.08,244.54507446289062,0.7112860892388452,381,
5,-43.92,511.1216125488281,0.8559670781893004,243,
1,21.7,168.09437561035156,0.5758241758241758,455,
2,3.19,198.0787811279297,0.7312138728323699,346,
3,-13.87,181.6600341796875,0.5516569200779727,513,
4,-57.89,241.52610778808594,0.47919655667144906,697,
5,37.4,17.469707489013672,0.5520504731861199,317,
1,32.94,16.598318099975586,0.49191685912240185,433,
2,24.88,16.337627410888672,0.5565217391304348,345,
3,-6.22,436.9514465332031,0.7027027027027027,222,
4,2.15,382.5779113769531,0.5009487666034156,527,
5,-7.61,470.0675354003906,0.6914893617021277,282,
1,8.91,162.87037658691406,0.6657142857142857,350,
2,-64.26,315.58978271484375,0.7457627118644068,413,
3,-3.65,12.627909660339355,0.5924764890282131,319,
4,-83.4,647.7433471679688,0.5158831003811944,787,
5,-43.85,514.5537109375,0.7692307692307693,325,
1,-40.33,370.4089050292969,0.5926640926640927,518,
2,0.79,156.32916259765625,0.69140625,256,
3,-58.3,621.4449462890625,0.5368536853685368,909,
4,-25.98,349.1083984375,0.6426858513189448,417,
5,7.45,34.91011428833008,0.6327868852459017,305,
1,13.72,378.9353332519531,0.3268698060941828,1083,
2,-5.65,328.80975341796875,0.6778846153846154,416,
3,31.62,442.2176208496094,0.5555555555555556,477,
4,20.21,61.862884521484375,0.5934343434343434,396,
5,-42.05,464.4499816894531,0.3128834355828221,1141,
1,-28.83,359.1192932128906,0.6887550200803213,498,
2,-39.24,421.0621337890625,0.3889980353634578,1018,
3,10.74,344.9937744140625,0.7342857142857143,350,
4,-112.88,554.6246948242188,0.11001663042087757,7817,
5,-20.54,383.7457580566406,0.7811447811447811,297,
1,16.25,70.62881469726562,0.5823389021479713,419,
2,6.34,45.218650817871094,0.6160520607375272,461,
3,-30.83,169.55369567871094,0.5632798573975044,561,
4,26.71,16.189298629760742,0.615916955017301,289,
5,-4.67,192.60520935058594,0.7664670658682635,334,
1,0.49,223.86915588378906,0.49199417758369723,687,
2,31.75,49.28819274902344,0.4983164983164983,594,
3,42.61,40.76860046386719,0.5958005249343832,381,
4,41.7,19.92426109313965,0.5029761904761905,336,
5,-8.12,168.84982299804688,0.4423631123919308,694,
1,31.11,263.1279602050781,0.36141304347826086,736,
2,38.92,20.981639862060547,0.5739644970414202,338,
3,23.56,135.62716674804688,0.610062893081761,318,
4,41.8,23.399646759033203,0.572538860103627,386,
5,21.84,32.91504669189453,0.5084175084175084,297,
1,13.78,267.7205810546875,0.689873417721519,316,
2,2.28,369.19677734375,0.6543624161073825,298,
3,1.6,475.9969482421875,0.5583333333333333,360,
4,15.2,24.33966827392578,0.5314136125654451,382,
5,-30.45,644.0048217773438,0.7952755905511811,254,
1,26.54,341.2843322753906,0.6148867313915858,309,
2,13.32,429.0430603027344,0.5009523809523809,525,
3,36.69,279.1869812011719,0.7043010752688172,186,
4,-148.65,153.73922729492188,0.06210855949895616,7664,
5,-460.37,661.3421020507812,0.2718743181322278,4583,
1,-4.8,509.44268798828125,0.6078947368421053,380,
2,39.34,286.0494384765625,0.21418092909535452,2045,
3,-37.0,142.46514892578125,0.4833787465940054,1835,
4,-3.45,87.67339324951172,0.6424870466321243,386,
5,-102.62,604.9069213867188,0.5412371134020618,582,
1,13.41,170.4319610595703,0.7288135593220338,295,
2,1.5,170.72438049316406,0.6984924623115578,398,
3,-8.59,483.9543762207031,0.6261022927689595,567,
4,9.28,67.5363540649414,0.703601108033241,361,
5,-17.76,374.9642639160156,0.7018779342723005,426,
1,11.65,40.36008071899414,0.5691318327974276,311,
2,21.4,63.290069580078125,0.6435331230283912,317,
3,28.47,22.075536727905273,0.5572139303482587,402,
4,26.2,26.331626892089844,0.5742574257425742,303,
5,28.88,39.097259521484375,0.6336206896551724,232,
1,74.12,300.25518798828125,0.3660377358490566,795,
2,-50.06,412.41510009765625,0.0872647274505011,4091,
3,17.47,109.39898681640625,0.585,400,
4,-73.65,10.885536193847656,0.43333333333333335,330,
5,35.71,103.6524658203125,0.6040268456375839,298,
1,24.07,110.65323638916016,0.6710097719869706,307,
2,-5.38,139.82525634765625,0.7718631178707225,263,
3,-26.59,656.91650390625,0.7386666666666667,375,
4,-22.13,528.9094848632812,0.5990566037735849,424,
5,-29.97,579.7911987304688,0.6835820895522388,335,
1,-3.92,353.12774658203125,0.6552901023890785,293,
2,-5.68,347.01171875,0.5623471882640587,409,
3,-14.82,41.08342742919922,0.5138888888888888,288,
4,-31.06,243.81271362304688,0.5644768856447688,411,
5,12.06,41.68801498413086,0.5484848484848485,330,
1,28.54,33.62276077270508,0.660377358490566,318,
2,20.92,35.074859619140625,0.5981873111782477,331,
3,-3.45,37.111473083496094,0.6677215189873418,316,
4,11.55,265.92816162109375,0.5803571428571429,336,
5,20.82,14.91849422454834,0.5370370370370371,324,
1,26.54,29.690494537353516,0.599406528189911,337,
2,15.72,327.4837951660156,0.6658878504672897,428,
3,-22.09,522.5314331054688,0.6926829268292682,410,
4,20.32,438.6467590332031,0.5392156862745098,612,
5,36.46,290.1816101074219,0.5966228893058161,533,
1,6.27,115.6832046508789,0.6657060518731989,347,
2,5.16,154.7591552734375,0.6391752577319587,388,
3,-3.42,165.37786865234375,0.708904109589041,292,
4,21.36,226.83685302734375,0.5431034482758621,464,
5,-3.21,335.5519714355469,0.6643835616438356,292,
1,0.86,140.75697326660156,0.7369727047146402,403,
2,5.09,346.42083740234375,0.6146044624746451,493,
3,-9.61,345.9333801269531,0.5657370517928287,502,
4,31.72,29.417104721069336,0.6283783783783784,296,
5,35.68,29.81917381286621,0.5882352941176471,323,
1,7.45,21.15151023864746,0.5831202046035806,391,
2,-15.3,255.35043334960938,0.4380053908355795,742,
3,-38.13,391.5466613769531,0.4385593220338983,944,
4,17.38,423.83270263671875,0.5217391304347826,483,
5,0.93,428.2998352050781,0.47332185886402756,581,
1,44.31,476.7945251464844,0.7138810198300283,353,
2,33.07,537.191162109375,0.7019498607242339,359,
3,29.19,928.4243774414062,0.82,150,
4,20.66,485.7943115234375,0.4624113475177305,705,
5,7.05,311.3679504394531,0.6084656084656085,567,
1,37.68,335.6366271972656,0.09186016841030875,3919,
2,27.11,85.8379898071289,0.5521235521235521,518,
3,35.41,403.7981262207031,0.3727087576374745,491,
4,2.38,548.4742431640625,0.49423076923076925,520,
5,18.52,70.71528625488281,0.6547085201793722,223,
1,18.76,29.198291778564453,0.5235457063711911,361,
2,34.46,57.77106475830078,0.6,320,
3,-6.7,177.77235412597656,0.6766666666666666,300,
4,21.26,342.843505859375,0.5843373493975904,332,
5,-34.34,497.4927062988281,0.7158176943699732,373,
1,-55.11,419.9973449707031,0.2733067729083665,1255,
2,12.87,141.0979461669922,0.6731301939058172,361,
3,-19.11,524.823486328125,0.4393241167434716,651,
4,3.73,288.44366455078125,0.6744868035190615,341,
5,1.7,194.9132080078125,0.6641414141414141,396,
1,23.16,11.139564514160156,0.5125,320,
2,-17.7,177.373291015625,0.7381615598885793,359,
3,-42.9,302.3917541503906,0.6943127962085308,422,
4,15.41,13.137837409973145,0.5774647887323944,355,
5,-46.32,190.68734741210938,0.4174863387978142,1830,
1,14.66,55.00443649291992,0.625,240,
2,-30.21,238.5251922607422,0.3270241850683491,951,
3,28.06,70.01407623291016,0.6326530612244898,392,
4,28.84,56.82365798950195,0.6240601503759399,266,
5,17.54,28.380489349365234,0.5669642857142857,224,
1,-46.04,388.3901672363281,0.09770114942528736,3480,
2,-15.12,407.16119384765625,0.5023584905660378,424,
3,49.96,14.530692100524902,0.38858695652173914,368,
4,5.29,399.51470947265625,0.5138121546961326,362,
5,-3.18,363.2267150878906,0.5594059405940595,404,
1,-72.54,562.1981201171875,0.42800528401585203,757,
2,-111.55,529.96875,0.3900889453621347,787,
3,-62.23,623.8186645507812,0.656891495601173,341,
4,-37.97,426.0051574707031,0.6474576271186441,295,
5,-109.93,1222.0714111328125,0.6012759170653907,627,
1,40.31,259.1875305175781,0.568,500,
2,4.85,196.72409057617188,0.6354430379746835,395,
3,10.64,281.4808044433594,0.7116788321167883,274,
4,36.12,120.87943267822266,0.625615763546798,406,
5,3.5,344.02569580078125,0.53125,608,
1,-52.34,363.88128662109375,0.6917960088691796,451,
2,17.61,485.30255126953125,0.4522184300341297,586,
3,4.85,162.78457641601562,0.5544147843942505,487,
4,-9.54,42.34505081176758,0.6098901098901099,364,
5,-23.61,579.2766723632812,0.7142857142857143,364,
1,-4.53,285.7328796386719,0.546448087431694,366,
2,-13.33,254.23414611816406,0.7606060606060606,330,
3,-62.65,474.1758117675781,0.29082774049217003,1341,
4,-9.54,337.07012939453125,0.7087912087912088,364,
5,-31.29,487.4399108886719,0.39120631341600903,887,
1,63.73,85.53099060058594,0.43010752688172044,465,
2,-8.86,682.1668701171875,0.5195652173913043,460,
3,54.12,14.014361381530762,0.463855421686747,332,
4,39.03,203.9576873779297,0.47443762781186094,489,
5,19.94,75.8212890625,0.44684684684684683,555,
1,35.38,143.14125061035156,0.319567354965585,1017,
2,23.56,50.52298355102539,0.5961538461538461,364,
3,34.66,22.481346130371094,0.5928571428571429,280,
4,37.81,8.749122619628906,0.4794952681388013,317,
5,23.97,23.151090621948242,0.6054590570719603,403,
1,-15.96,284.789306640625,0.2594594594594595,1110,
2,55.03,27.63433837890625,0.4362017804154303,337,
3,-44.45,257.7198791503906,0.1853562005277045,1516,
4,-27.54,273.2779541015625,0.3748271092669433,723,
5,2.46,240.6279754638672,0.10851419031719532,2995,
1,23.57,277.19415283203125,0.3439153439153439,756,
2,34.15,10.248844146728516,0.5032679738562091,306,
3,23.56,9.995718955993652,0.4840764331210191,314,
4,6.58,107.88358306884766,0.6568627450980392,306,
5,20.92,30.48980140686035,0.56,375,
1,1.54,579.065673828125,0.5145631067961165,618,
2,6.88,226.25125122070312,0.7213114754098361,366,
3,0.04,142.04844665527344,0.6349206349206349,441,
4,50.36,11.072630882263184,0.551622418879056,339,
5,12.87,198.68788146972656,0.7389830508474576,295,
