readability,perplexity,lex_diversity,word_count
30.731290322580662,22.905410766601562,0.8970588235294118,68
71.06500000000001,28.117084503173828,0.7894736842105263,57
53.655,134.33648681640625,0.9285714285714286,14
59.633333333333354,51.29304122924805,0.9166666666666666,36
95.68818181818183,20.18085289001465,1.0,13
74.75000000000003,25.130990982055664,0.6721311475409836,61
67.53000000000003,34.33797836303711,0.9090909090909091,33
77.9165549828179,21.695756912231445,0.6372549019607843,102
84.22169811320757,35.49274444580078,0.75,56
97.309185520362,14.491209983825684,0.5664335664335665,143
97.025,234.70663452148438,1.0,5
85.88886363636365,87.75775909423828,1.0,12
87.07842741935485,15.747970581054688,0.640625,64
88.22488636363639,52.94450378417969,0.8235294117647058,34
83.66483146067416,40.77408218383789,0.7634408602150538,93
106.59678571428573,137.22694396972656,1.0,7
85.17197674418605,32.16850280761719,0.6966292134831461,89
82.39000000000001,55.47235870361328,0.875,16
68.35252941176473,13.823208808898926,0.6634615384615384,104
77.4365182648402,11.373971939086914,0.5844155844155844,77
77.81071428571428,13.410037994384766,0.6904761904761905,42
45.64500000000001,435.0451965332031,1.0,7
95.08932065217391,29.435344696044922,0.6338028169014085,71
114.11500000000001,50.469505310058594,1.0,9
86.70500000000001,623.6690063476562,1.0,11
87.515,35.54783248901367,0.868421052631579,38
86.21817307692308,16.0994873046875,0.5970149253731343,67
96.64283783783786,15.383920669555664,0.675,80
57.23363636363638,50.234283447265625,1.0,23
102.045,30.009960174560547,1.0,6
81.51949579831935,19.362756729125977,0.5691056910569106,123
80.48323221757322,20.738229751586914,0.5447154471544715,246
91.1971036585366,11.64808177947998,0.7073170731707317,41
78.87285714285717,46.26483917236328,0.9047619047619048,21
79.24388497652585,27.279659271240234,0.6275862068965518,145
84.13653465346535,10.327547073364258,0.380327868852459,305
34.96588028169015,47.60116958618164,0.7397260273972602,73
86.99017597087378,14.50633716583252,0.5596330275229358,109
82.66578947368423,13.505741119384766,0.4942528735632184,174
80.88003048780489,15.961894989013672,0.7142857142857143,84
73.50256181318683,18.519207000732422,0.5913978494623656,93
65.32386363636365,22.291982650756836,0.6435643564356436,101
80.53316780821919,20.24431037902832,0.5333333333333333,75
74.12918918918922,15.192545890808105,0.5675675675675675,111
50.61300226244347,13.14625072479248,0.4690265486725664,452
34.99403037383178,28.94504165649414,0.6972477064220184,109
61.05700745033113,14.356207847595215,0.4591194968553459,159
69.59659090909092,26.251636505126953,0.7777777777777778,36
85.3100434782609,41.94686508178711,0.82,50
58.765517241379314,20.37395668029785,0.7078651685393258,89
91.43464285714288,40.2432861328125,0.9090909090909091,44
90.66141025641029,17.57341194152832,0.7358490566037735,53
89.1510243902439,23.868383407592773,0.7555555555555555,45
76.8767694805195,15.021312713623047,0.4953271028037383,321
78.24500000000002,88.82275390625,0.9090909090909091,11
63.75887931034484,35.873451232910156,0.7419354838709677,31
85.15520847573481,13.191399574279785,0.5808823529411765,136
78.87285714285717,23.929340362548828,1.0,7
65.96387866394004,21.568815231323242,0.5636363636363636,165
60.70500000000001,28.741640090942383,0.92,25
61.24000000000001,46.40697479248047,0.8125,16
67.79916666666671,41.37507629394531,0.9310344827586207,29
76.91375000000001,30.679698944091797,0.8,65
92.93446969696971,21.505558013916016,0.7719298245614035,57
65.98000000000003,19.80310821533203,0.6470588235294118,85
69.36950980392159,31.30219268798828,0.782608695652174,69
83.74867647058825,21.92806625366211,0.8823529411764706,17
66.67612068965518,43.9523811340332,0.7666666666666667,30
71.14056074766359,20.273435592651367,0.6607142857142857,112
72.58250000000001,13.551584243774414,0.5734265734265734,143
90.31730769230771,15.533738136291504,0.6470588235294118,85
71.76785714285715,23.50657081604004,0.6140350877192983,57
71.67711240310078,22.149065017700195,0.6956521739130435,46
52.567461538461544,4.647010803222656,0.3055555555555556,180
81.62263265306123,18.0233154296875,0.6019417475728155,103
72.83000000000003,51.106529235839844,0.875,16
80.06750000000002,24.719284057617188,0.9,10
54.750869565217414,33.602142333984375,0.7755102040816326,49
49.48400000000001,24.633159637451172,0.92,25
72.9868181818182,41.93070602416992,0.7391304347826086,46
71.12605442176874,20.723955154418945,0.6761904761904762,105
87.94500000000002,168.61834716796875,0.9230769230769231,13
85.88886363636365,47.72791290283203,0.9090909090909091,11
73.72003957423583,11.288257598876953,0.49382716049382713,243
75.04294736842107,24.06355857849121,0.6949152542372882,59
117.04513157894738,43.97101593017578,0.95,20
63.39634615384618,37.336647033691406,0.8461538461538461,39
88.72514705882354,7.639499664306641,0.4444444444444444,36
91.56780701754388,12.717020988464355,0.6829268292682927,41
70.39581521739133,17.25687026977539,0.647887323943662,71
74.56872727272729,16.407915115356445,0.6593406593406593,91
88.63904761904763,47.25869369506836,0.8648648648648649,37
97.2264618644068,37.04734420776367,0.6949152542372882,59
62.30074324324326,21.919029235839844,0.8974358974358975,39
73.1421739130435,26.712980270385742,0.704225352112676,71
80.73625000000003,20.098134994506836,0.8431372549019608,51
87.99727272727276,52.81308364868164,0.9166666666666666,12
60.34002702702705,26.17086410522461,0.6708860759493671,79
82.03464285714287,23.337034225463867,0.7230769230769231,65
77.1913178294574,23.074462890625,0.7,90
64.85325000000002,19.064674377441406,0.6310679611650486,103
78.40894230769231,11.704052925109863,0.696969696969697,66
95.93928571428573,64.43328094482422,0.9333333333333333,15
49.23945945945947,18.102588653564453,0.7012987012987013,77
63.49966825613082,11.248562812805176,0.43007915567282323,379
102.045,87.51250457763672,1.0,6
92.42000000000002,18.184654235839844,0.631578947368421,95
78.87285714285717,49.92545700073242,1.0,9
69.6309879725086,24.194377899169922,0.5951219512195122,205
95.4632142857143,37.854225158691406,0.782608695652174,23
88.38571428571429,19.905193328857422,0.6779661016949152,59
53.375421052631594,20.933956146240234,0.8192771084337349,83
72.44495689655174,16.386734008789062,0.6277777777777778,180
78.56028571428574,17.2954158782959,0.6183206106870229,131
75.50000000000003,51.00052261352539,0.9090909090909091,11
78.10705882352943,18.771453857421875,0.4957983193277311,357
77.52781732891833,15.583110809326172,0.5454545454545454,154
103.37909090909093,62.94435119628906,1.0,11
86.70500000000001,16.112524032592773,0.7424242424242424,66
92.965,45.398067474365234,0.8787878787878788,33
80.67772727272727,27.526628494262695,0.88,25
72.9868181818182,42.4073371887207,0.8260869565217391,23
87.70826086956524,26.652620315551758,0.726027397260274,73
115.63750000000002,36.86610794067383,0.8,15
71.36238636363638,28.853313446044922,0.9122807017543859,57
76.82043478260871,31.885589599609375,0.8695652173913043,23
50.610000000000014,62.478790283203125,1.0,15
77.33166666666666,36.127685546875,0.8448275862068966,58
89.24350000000001,21.773040771484375,0.7454545454545455,55
65.04833333333336,13.653775215148926,0.5488721804511278,133
118.17500000000001,17.16250228881836,1.0,4
22.37197368421056,30.49510955810547,0.696969696969697,99
83.32166666666669,13.120455741882324,0.686046511627907,86
80.59635572139305,32.08289337158203,0.7323943661971831,71
16.8755263157895,26.995990753173828,0.675,40
68.91640000000002,17.16946029663086,0.6240601503759399,133
53.07812500000003,18.419462203979492,0.6258064516129033,155
58.74900000000001,20.3380126953125,0.5921052631578947,152
74.11852821407795,13.57460880279541,0.5024875621890548,201
77.8839285714286,28.416461944580078,0.8108108108108109,37
50.47625000000002,61.20886993408203,0.9142857142857143,35
61.076919475655444,17.61512565612793,0.532258064516129,186
109.12980769230771,88.40675354003906,0.9285714285714286,14
66.36500000000001,16.353160858154297,0.6390977443609023,133
82.06372324159022,27.755992889404297,0.6964285714285714,112
86.26307692307695,33.59015655517578,0.9285714285714286,28
77.39596694214877,17.80426788330078,0.6615384615384615,130
78.30614864864866,44.70701217651367,0.8421052631578947,38
66.00218637992833,19.864486694335938,0.5705128205128205,156
83.7502663622527,10.504925727844238,0.5064102564102564,156
79.86488176563323,17.059986114501953,0.6153846153846154,182
64.47977409638555,23.733600616455078,0.7023809523809523,84
68.62741071428572,11.599603652954102,0.6379310344827587,116
56.005000000000024,37.44664001464844,0.9230769230769231,39
86.37625000000001,33.323936462402344,0.7755102040816326,49
92.00264367816094,21.19620704650879,0.8387096774193549,31
64.36559691011237,17.696550369262695,0.6344086021505376,93
85.66577235772358,17.899614334106445,0.9069767441860465,43
60.71474358974362,18.134323120117188,0.6792452830188679,106
64.09201923076924,15.611793518066406,0.43043478260869567,460
84.77266823161189,13.278419494628906,0.5405405405405406,148
71.71583333333336,18.004451751708984,0.6044444444444445,225
89.44,24.341495513916016,0.7083333333333334,24
87.99727272727276,23.28639030456543,0.7536231884057971,69
113.10000000000002,54.2425651550293,1.0,9
70.23577464788735,24.575647354125977,0.7468354430379747,79
82.50376623376627,24.719053268432617,0.7228915662650602,83
92.06250000000001,12.379592895507812,0.5294117647058824,17
74.19000000000003,19.052547454833984,0.5918367346938775,147
103.04428571428575,17.98844337463379,0.8666666666666667,15
71.33446428571428,18.855987548828125,0.7794117647058824,68
76.46090909090911,59.195884704589844,0.75,24
69.1602027027027,25.540023803710938,0.8157894736842105,38
84.17956896551725,84.27130889892578,0.8275862068965517,29
70.14470588235295,30.60687255859375,0.75,20
81.83928571428572,59.658287048339844,0.8604651162790697,43
94.60000000000004,21.95123863220215,0.8333333333333334,18
75.20000000000003,22.19765281677246,0.7536231884057971,69
77.28449315068495,23.97395133972168,0.6025641025641025,78
63.71071428571429,83.07703399658203,0.7441860465116279,43
85.13535714285716,31.965808868408203,0.8378378378378378,37
73.19789473684214,17.78199577331543,0.5885714285714285,175
87.40756410256414,21.406038284301758,0.6842105263157895,57
77.78490853658539,17.88206672668457,0.6091954022988506,87
72.14448979591839,16.7685604095459,0.5548387096774193,155
75.44739130434785,24.255767822265625,0.8055555555555556,72
70.32732142857142,16.941957473754883,0.5647058823529412,255
56.249000000000024,31.757219314575195,0.803921568627451,51
64.5176377952756,25.861949920654297,0.6953125,128
90.03152631578949,38.50740432739258,0.75,40
67.75500000000001,126.86202239990234,1.0,12
72.369,22.057321548461914,0.7297297297297297,74
76.60540613232922,15.82378101348877,0.48579545454545453,352
55.94675438596494,37.495765686035156,0.8421052631578947,38
86.70500000000001,20.838281631469727,1.0,10
89.42035714285716,27.836498260498047,0.8444444444444444,45
77.61893939393941,14.958950996398926,0.547945205479452,73
88.73500000000001,13.979181289672852,0.6,40
51.992225609756105,30.521549224853516,0.7674418604651163,43
69.01753685503687,9.223946571350098,0.403954802259887,354
56.202236842105265,16.657323837280273,0.631578947368421,57
70.08365384615385,91.12687683105469,0.8125,16
68.8937878787879,24.978904724121094,0.7916666666666666,48
89.08540229885058,18.560422897338867,0.7580645161290323,62
61.890000000000015,36.74034118652344,1.0,15
48.032065217391334,22.803516387939453,0.9565217391304348,23
110.055,10.89768123626709,1.0,12
107.855,34.9143180847168,0.75,20
47.434318181818185,83.78844451904297,0.9230769230769231,13
75.48852941176472,14.958251953125,0.4658385093167702,322
46.90596551724141,15.680681228637695,0.5847457627118644,118
86.76517857142859,21.88803482055664,0.726027397260274,73
42.71333333333334,23.460647583007812,0.7763157894736842,76
67.79916666666671,29.95557403564453,0.9642857142857143,28
92.86583333333337,21.015443801879883,0.8214285714285714,28
89.60000000000004,47.201690673828125,0.9473684210526315,19
88.47151515151516,15.947086334228516,0.5507246376811594,138
92.08485849056605,13.128509521484375,0.6073619631901841,163
60.363333333333344,63.54011154174805,0.896551724137931,29
74.805,36.39829635620117,0.875,24
92.38376811594205,22.610904693603516,0.68,25
40.784285714285716,48.24681854248047,0.8888888888888888,36
94.55435810810813,21.98027801513672,0.7317073170731707,41
66.84950949367092,22.3157901763916,0.735632183908046,87
87.18537634408602,55.38091278076172,0.8387096774193549,31
71.31016770401108,14.6277437210083,0.5020242914979757,247
85.85950000000001,43.700706481933594,0.88,25
79.77516216216219,16.221176147460938,0.7532467532467533,77
88.8902777777778,18.586877822875977,0.6551724137931034,87
83.37750000000003,25.193513870239258,0.7708333333333334,48
94.30000000000001,233.9158172607422,1.0,9
64.35199444885012,22.579029083251953,0.625,200
65.26026315789476,18.6180477142334,0.5536480686695279,233
73.17000000000003,43.50946807861328,0.8709677419354839,31
85.36428571428573,12.066864967346191,0.6785714285714286,56
79.33333333333336,35.539154052734375,0.7755102040816326,49
90.54402298850576,24.89940071105957,0.7258064516129032,62
69.78500000000001,11.073042869567871,0.5,24
86.45909090909092,31.089290618896484,0.8103448275862069,58
80.56656862745099,19.268966674804688,0.5661764705882353,136
62.52455513784463,13.631978988647461,0.45,280
103.00500000000001,29.670743942260742,0.6923076923076923,13
89.77440476190478,22.39639663696289,0.6785714285714286,56
80.30636363636367,39.811363220214844,0.9090909090909091,11
97.65452380952382,35.1270637512207,0.8620689655172413,29
77.32805882352942,21.001033782958984,0.6764705882352942,68
72.80706451612906,23.0173397064209,0.765625,64
81.4757311233886,12.191001892089844,0.5187165775401069,187
61.18786764705885,16.614017486572266,0.8545454545454545,55
59.745000000000005,134.38299560546875,1.0,12
117.16000000000003,30.250732421875,0.8181818181818182,11
81.76666666666668,18.69215965270996,0.6949152542372882,59
65.79821428571432,29.714075088500977,0.8857142857142857,35
66.04686643835618,17.461095809936523,0.5369127516778524,149
91.78000000000003,45.1601676940918,0.9,10
88.76379032258068,19.91278648376465,0.7101449275362319,69
88.72514705882354,24.00617027282715,0.8947368421052632,19
53.97105263157897,49.80795669555664,0.8421052631578947,19
82.51411225658651,19.519515991210938,0.5643564356435643,101
68.94985200845667,17.937841415405273,0.6009174311926605,218
87.77590361445785,11.064191818237305,0.5227272727272727,88
34.532272727272726,19.17940330505371,0.9545454545454546,22
53.29000000000005,16.88035774230957,0.5696969696969697,165
95.165,52.87065887451172,0.9090909090909091,11
74.30875,51.66688537597656,0.6122448979591837,49
84.6702419354839,30.75082015991211,0.8387096774193549,31
78.82899580335734,18.045557022094727,0.5342465753424658,146
81.727311827957,7.933040142059326,0.6111111111111112,36
34.91924528301891,18.866596221923828,0.65,60
81.92010958904112,29.45010757446289,0.7027027027027027,74
78.22946482412061,13.49779987335205,0.5023696682464455,211
80.77714285714288,43.22533416748047,0.9130434782608695,23
42.60500000000002,21.881454467773438,0.5714285714285714,147
87.65844919786097,25.436017990112305,0.5923566878980892,157
69.31750000000001,22.547908782958984,0.7555555555555555,45
63.317500000000024,18.26790428161621,0.8142857142857143,70
92.62757398753894,17.500080108642578,0.5982142857142857,112
67.25695652173914,19.9122371673584,0.6747967479674797,123
57.23363636363638,66.26716613769531,1.0,11
46.10000000000002,156.21493530273438,0.9607843137254902,51
82.64500000000001,17.44428253173828,0.6111111111111112,72
70.66598684210527,28.20205307006836,0.7627118644067796,59
87.48875000000001,20.553543090820312,0.6716417910447762,67
48.08385273972604,24.793264389038086,0.7105263157894737,76
69.59659090909092,15.864052772521973,0.8918918918918919,37
58.22500000000005,18.85053062438965,0.625,64
95.68818181818183,52.212120056152344,1.0,11
83.7047390776699,17.914356231689453,0.6476190476190476,105
75.46678571428575,16.036956787109375,0.7222222222222222,72
40.34469724770642,20.81939125061035,0.6422018348623854,109
36.62000000000003,584.9080810546875,1.0,1
66.40000000000003,361.5817565917969,1.0,11
75.4227602739726,19.585073471069336,0.6585365853658537,82
43.87326923076927,50.512672424316406,0.775,40
91.26932584269663,17.48362922668457,0.6222222222222222,90
63.63393939393943,32.369972229003906,0.7719298245614035,57
70.81651515151518,16.355613708496094,0.7872340425531915,47
93.47266666666667,20.3106746673584,0.7857142857142857,28
52.660233516483515,30.7652587890625,0.6236559139784946,93
81.42407894736841,56.453792572021484,0.9473684210526315,19
103.52035714285715,19.796422958374023,0.782608695652174,23
84.80256944444446,20.863008499145508,0.6781609195402298,87
79.14200000000002,22.311443328857422,0.7142857142857143,56
84.06716216216219,29.02134895324707,0.7466666666666667,75
41.553571428571445,67.29057312011719,1.0,14
83.46583333333336,69.0755844116211,0.8620689655172413,29
55.93333333333334,16.48676109313965,0.7040816326530612,98
66.54104347826089,13.422612190246582,0.7142857142857143,70
99.00000000000001,21.908714294433594,0.8333333333333334,18
68.8312284482759,19.10954475402832,0.6339869281045751,153
50.69833333333335,22.213478088378906,0.6324786324786325,117
69.14136363636365,61.277557373046875,0.6122448979591837,49
42.117672588832534,18.455358505249023,0.5625,224
71.06500000000001,37.77242660522461,0.8545454545454545,55
95.165,22.560771942138672,0.75,12
64.37166666666668,36.14064407348633,0.84,50
49.48000000000002,477.3213806152344,1.0,6
67.39076923076925,18.539325714111328,0.7205882352941176,68
80.14248062015508,34.280059814453125,0.8863636363636364,44
36.37000000000003,47.9443473815918,0.925,40
83.99101408450704,20.938074111938477,0.7397260273972602,73
80.43622807017547,33.303775787353516,0.8095238095238095,42
49.910000000000025,55.20447540283203,0.8048780487804879,41
65.70701474201475,15.83380126953125,0.6753246753246753,154
71.32484848484852,21.891008377075195,0.6545454545454545,110
67.76683916083918,13.844703674316406,0.5608108108108109,148
57.65729591836735,22.27078628540039,0.6764705882352942,102
88.83428571428574,20.312387466430664,0.9545454545454546,22
83.2509195402299,29.15418243408203,0.8333333333333334,30
78.97805263157896,16.414531707763672,0.6329113924050633,79
86.53485576923079,17.492752075195312,0.5658536585365853,205
87.94500000000002,23.489791870117188,1.0,6
91.42477477477478,15.559725761413574,0.8333333333333334,42
75.3275,12.853672981262207,0.5568181818181818,176
64.28307729007636,22.28946876525879,0.6296296296296297,135
85.8815,16.044292449951172,0.5704697986577181,149
89.55415441176471,20.334178924560547,0.5697674418604651,86
67.43750000000001,26.342195510864258,0.6573426573426573,143
48.0342105263158,34.22859191894531,0.7017543859649122,57
34.59000000000003,332.7732238769531,1.0,3
80.33250000000004,39.29841995239258,0.9285714285714286,28
84.52318181818181,17.434814453125,0.9545454545454546,22
77.19916666666668,54.6728401184082,0.8928571428571429,28
56.462500000000034,19.66316032409668,0.6987951807228916,83
85.88357142857143,19.802234649658203,0.6781609195402298,87
100.75436781609196,24.489391326904297,0.5806451612903226,31
70.81571428571431,36.47932052612305,0.9090909090909091,22
84.37700000000002,9.147151947021484,0.5952380952380952,42
76.08834951456312,19.909910202026367,0.5887850467289719,107
83.99437209302326,31.44186782836914,0.8478260869565217,46
115.13000000000002,180.7819061279297,1.0,8
127.21571428571431,21.064929962158203,1.0,7
63.52011138613864,20.167673110961914,0.5342465753424658,219
39.54250000000002,19.004262924194336,0.8117647058823529,85
69.31034836065577,17.306758880615234,0.7377049180327869,61
73.80831771321462,16.178470611572266,0.5560975609756098,205
67.91915760869568,18.06314468383789,0.6640625,128
82.07588925846215,17.342086791992188,0.5591397849462365,279
103.6767948717949,23.490402221679688,0.8275862068965517,29
75.8514285714286,22.96143913269043,0.8928571428571429,28
88.47651315789474,22.09896469116211,0.7,60
59.066847826086985,27.878421783447266,0.9230769230769231,26
76.15063636363638,21.226682662963867,0.5789473684210527,133
87.17908005617979,19.46993637084961,0.6224489795918368,98
66.13100000000001,20.114395141601562,0.6666666666666666,72
60.69028248587571,25.97664451599121,0.7777777777777778,63
76.55333333333336,15.566015243530273,0.704225352112676,71
90.31730769230771,15.635151863098145,0.6375,80
77.15500000000002,28.320878982543945,0.7837837837837838,37
59.636000000000024,18.826156616210938,0.7532467532467533,77
86.80312500000002,19.127595901489258,0.639344262295082,61
96.49000000000002,27.220947265625,0.875,24
79.85732749469217,13.591996192932129,0.6235294117647059,170
79.47552845528456,26.670602798461914,0.8048780487804879,41
70.94990566037737,34.34638977050781,0.6909090909090909,110
63.755000000000024,16.04842758178711,0.6026490066225165,151
60.619,18.590604782104492,0.7654320987654321,81
100.3027272727273,32.32907485961914,0.6491228070175439,57
70.12147058823533,15.329692840576172,0.6636363636363637,110
60.58711956521742,30.572566986083984,0.7567567567567568,74
66.22048187022904,17.776107788085938,0.5912408759124088,137
90.0403103448276,21.418346405029297,0.703125,64
77.50132625994698,15.308121681213379,0.5611814345991561,237
94.30000000000001,45.94029998779297,0.9090909090909091,11
81.87750000000003,12.695533752441406,0.47596153846153844,208
77.70585585585587,37.281070709228516,0.6794871794871795,78
95.955,78.40726470947266,0.92,25
72.72590909090913,18.489688873291016,0.5384615384615384,182
77.7312307692308,15.501676559448242,0.58,100
99.4098484848485,27.682905197143555,0.8181818181818182,22
100.36307692307693,26.307186126708984,0.75,40
52.84726368159207,25.86601448059082,0.7941176470588235,68
83.80476190476192,29.491914749145508,0.7692307692307693,39
92.345,30.796302795410156,0.8181818181818182,33
97.025,272.072509765625,1.0,5
86.42250000000001,144.83677673339844,0.8666666666666667,15
77.41211382113822,37.794803619384766,0.813953488372093,43
70.5416666666667,32.334415435791016,0.6513761467889908,109
88.10789473684211,44.692039489746094,0.711864406779661,59
95.165,22.704742431640625,1.0,10
54.72090909090909,34.374046325683594,0.7142857142857143,91
78.23562500000001,29.686721801757812,0.7727272727272727,66
80.56884951456313,23.772411346435547,0.6,105
93.4489285714286,44.67863845825195,0.7872340425531915,47
118.17500000000001,177.52525329589844,1.0,5
51.70178688524592,20.706628799438477,0.4634146341463415,123
98.25250000000001,80.0318603515625,0.9411764705882353,17
114.11500000000001,37.13468933105469,0.76,25
103.37909090909093,37.988067626953125,0.9166666666666666,24
60.98833333333336,18.633869171142578,0.6581196581196581,117
85.90564179104479,15.767363548278809,0.4925373134328358,67
72.01608955223882,30.806068420410156,0.8,70
89.60972727272728,9.547881126403809,0.6712328767123288,73
64.45625000000003,15.723628997802734,0.676923076923077,130
59.71602040816329,17.471927642822266,0.515,200
41.85261904761907,14.405535697937012,0.5674157303370787,178
66.79201257861637,15.542159080505371,0.6607142857142857,112
73.84500000000001,31.88921546936035,0.8484848484848485,33
67.98437500000001,6.297883033752441,0.43795620437956206,137
88.3724358974359,17.512531280517578,0.6481481481481481,54
115.13000000000002,15.711071968078613,1.0,7
63.0244929577465,18.296049118041992,0.5933333333333334,150
78.50742424242428,19.298391342163086,0.6185567010309279,97
58.429130434782635,109.14684295654297,0.875,24
66.87371621621622,42.44086456298828,0.8157894736842105,76
76.74857142857144,16.216527938842773,0.5084033613445378,238
63.57596153846157,28.85028648376465,0.75,16
74.25976923076924,28.2067813873291,0.7636363636363637,55
82.16393048128343,10.258111000061035,0.36182336182336183,351
74.00789473684213,62.35610580444336,0.8837209302325582,43
80.43622807017547,13.209444999694824,0.7631578947368421,38
60.39938596491231,48.827423095703125,0.8,40
77.90500000000002,963.89111328125,1.0,2
65.63715686274513,30.915538787841797,0.7352941176470589,68
64.9245454545455,56.87158203125,0.7692307692307693,13
93.05,43.847412109375,0.7441860465116279,43
57.72777027027027,22.22443199157715,0.5803571428571429,112
88.905,25.39204216003418,0.9166666666666666,24
83.72893543956046,26.231433868408203,0.6808510638297872,94
73.75728070175441,61.246212005615234,0.8421052631578947,38
67.2632142857143,51.58790969848633,0.7272727272727273,22
82.92391891891894,16.63649559020996,0.675,80
95.77062500000001,19.204967498779297,0.7076923076923077,65
79.8264540431944,15.461477279663086,0.5661375661375662,189
65.34434782608699,18.505401611328125,0.5213675213675214,351
63.34839771582132,15.628767967224121,0.5224489795918368,245
75.50000000000003,32.1523551940918,0.8958333333333334,48
42.37137681159422,22.807283401489258,0.7216494845360825,97
32.75147058823532,19.916452407836914,0.7888888888888889,90
90.95857142857145,2066.20849609375,1.0,8
79.59471796937954,19.629716873168945,0.44666666666666666,300
115.13000000000002,179.36265563964844,0.8571428571428571,7
71.77255597014928,14.522583961486816,0.6170212765957447,141
69.8142307692308,51.981143951416016,1.0,27
98.19384615384618,38.561866760253906,0.7804878048780488,41
84.49935672514621,15.429803848266602,0.5555555555555556,162
72.32500000000003,71.13224029541016,0.95,20
78.51253760373447,20.984556198120117,0.5443548387096774,248
69.8142307692308,44.716915130615234,0.6481481481481481,54
68.77000000000002,6.620839595794678,0.6363636363636364,22
103.04428571428575,109.88048553466797,1.0,7
115.13000000000002,19.73611068725586,1.0,7
73.54500000000002,17.036500930786133,0.7395833333333334,96
63.48838501291992,13.944838523864746,0.6057142857142858,175
121.22000000000003,,1.0,1
92.85347368421054,14.792078018188477,0.6229508196721312,61
88.13569679849343,19.773536682128906,0.5528455284552846,123
89.88505263157896,21.981786727905273,0.7868852459016393,61
68.74642857142858,28.1129150390625,0.7906976744186046,86
81.13295454545457,35.535926818847656,0.8088235294117647,68
88.905,115.191162109375,0.8333333333333334,12
90.43316455696203,17.055316925048828,0.6219512195121951,82
83.0092307692308,31.460643768310547,0.7619047619047619,42
75.42784482758621,45.77886199951172,0.7666666666666667,60
92.72101293103448,18.0499210357666,0.7666666666666667,90
70.25714285714287,24.227556228637695,0.847457627118644,59
58.429130434782635,41.41709899902344,0.7391304347826086,23
83.09903846153848,75.67111206054688,0.8666666666666667,15
59.603541666666686,29.408920288085938,0.7611940298507462,67
88.20628571428574,19.299238204956055,0.711864406779661,59
89.3015,22.03868293762207,0.5588235294117647,34
92.95755172413794,17.32878303527832,0.6612903225806451,62
80.98289215686276,13.311004638671875,0.5869565217391305,92
66.33069951338202,12.85831069946289,0.48214285714285715,280
68.01193277310927,20.285770416259766,0.656,125
80.77714285714288,57.638301849365234,0.8571428571428571,21
64.28451650943398,24.44782066345215,0.5748502994011976,167
76.02333333333334,15.439820289611816,0.6,85
86.1675313059034,16.434846878051758,0.5,218
45.09259615384616,53.56144332885742,0.7804878048780488,41
88.42750000000001,18.195573806762695,0.5380952380952381,210
79.39384615384617,16.733482360839844,0.6363636363636364,121
103.3425,55.919647216796875,0.8888888888888888,18
64.50500000000002,22.353357315063477,0.6111111111111112,198
93.3521590909091,12.826834678649902,0.696969696969697,33
70.88397183098591,27.17059326171875,0.7162162162162162,74
50.09034552163706,23.657543182373047,0.5912408759124088,274
86.23189149560119,17.109880447387695,0.5703125,128
52.44375000000002,21.67621421813965,0.7654320987654321,81
66.10000000000002,73.5789794921875,1.0,10
67.92346311475411,25.89353370666504,0.78125,64
84.20857260726073,13.966798782348633,0.5164319248826291,213
76.49145454545456,18.617145538330078,0.7096774193548387,93
81.76370786516856,28.150737762451172,0.651685393258427,89
63.455196078431385,22.744922637939453,0.7101449275362319,69
78.44553030303032,16.92294692993164,0.6385542168674698,83
84.90000000000003,18.7879581451416,0.9444444444444444,18
72.23050000000002,15.923428535461426,0.6857142857142857,70
81.9978846153846,10.935379028320312,0.5159817351598174,219
62.9516766055046,16.663782119750977,0.514792899408284,338
88.47191176470591,16.502105712890625,0.535483870967742,155
61.187826086956534,20.0435733795166,0.5661375661375662,189
64.9245454545455,16.09575653076172,0.9230769230769231,13
85.7470058139535,36.06156921386719,0.6956521739130435,46
50.95153508771932,20.777164459228516,0.6836734693877551,98
61.51189655172416,25.48634910583496,0.5828877005347594,187
72.5969230769231,33.687232971191406,0.7611940298507462,67
65.72500000000001,84.71009063720703,1.0,15
54.45668478260873,37.2779426574707,0.7571428571428571,70
96.02461538461542,36.26365661621094,0.8666666666666667,15
76.52625000000003,24.023839950561523,0.68,75
82.67951807228917,15.705453872680664,0.6666666666666666,87
88.33754901960786,25.245410919189453,0.8529411764705882,34
82.85676829268294,9.545950889587402,0.42391304347826086,92
71.13741379310348,18.353513717651367,0.696,125
83.5239285714286,16.69814109802246,0.5943396226415094,106
108.26750000000001,55.309078216552734,0.75,12
70.3499065420561,17.668729782104492,0.6696428571428571,112
79.13834055084011,14.579500198364258,0.4576923076923077,260
66.37038759689926,61.78962326049805,0.6976744186046512,43
81.26232758620691,38.35017395019531,0.7666666666666667,60
94.30000000000001,16.891618728637695,0.8571428571428571,21
60.363333333333344,28.29383659362793,0.7,30
101.31175000000002,26.231822967529297,0.7575757575757576,66
39.55500000000001,89.55560302734375,1.0,14
55.26285714285714,17.997915267944336,0.6230769230769231,130
67.53000000000003,24.117755889892578,1.0,15
77.33428921568628,14.289955139160156,0.6343283582089553,134
83.36107843137258,25.883251190185547,0.8333333333333334,36
86.26307692307695,15.639242172241211,0.9285714285714286,28
90.1009523809524,18.809690475463867,0.6491228070175439,57
60.678216292134834,23.350927352905273,0.6055555555555555,180
95.56439393939395,14.916441917419434,0.7407407407407407,27
93.71500000000002,15.397706985473633,0.6097560975609756,82
68.46992515831896,15.916471481323242,0.5643564356435643,202
70.47628205128207,28.174787521362305,0.75,56
75.67666666666668,26.64495086669922,0.6142857142857143,140
80.73625000000003,17.592483520507812,0.65,100
56.365018744142475,13.26321029663086,0.5594059405940595,202
96.54447115384619,15.862135887145996,0.5245901639344263,122
41.71832792207795,21.9342041015625,0.5806451612903226,155
102.045,204.64048767089844,1.0,6
67.3321488764045,18.306652069091797,0.8061224489795918,98
65.65000000000002,42.4568977355957,0.782608695652174,46
93.70161764705884,31.871498107910156,0.9444444444444444,18
74.97143939393942,19.445995330810547,0.5374149659863946,147
45.61359406952968,10.96888256072998,0.4041916167664671,334
103.68936363636367,19.02570152282715,0.5642857142857143,140
95.02705882352943,19.49441146850586,1.0,18
93.3521590909091,18.942821502685547,0.75,40
64.69470967741938,16.365829467773438,0.5532994923857868,197
61.981344178082196,9.729418754577637,0.7066666666666667,75
56.9726019417476,36.540958404541016,0.6355140186915887,107
41.958970189701915,14.190803527832031,0.48470588235294115,425
78.17503875968995,37.251705169677734,0.723404255319149,47
85.76427272727275,28.70431137084961,0.6956521739130435,69
89.89642857142859,20.583845138549805,0.8444444444444444,45
79.41495652173914,22.578426361083984,0.6170212765957447,141
63.03110465116282,26.4085693359375,0.9069767441860465,43
86.62450980392158,11.034326553344727,0.9411764705882353,17
78.09954545454549,26.668441772460938,0.6764705882352942,136
67.79916666666671,52.712860107421875,0.9259259259259259,27
84.90000000000003,602.999267578125,1.0,9
63.55807909604522,26.7908878326416,0.7868852459016393,61
40.613157894736844,60.35530090332031,0.95,20
83.32500000000002,53.91206359863281,0.7741935483870968,31
103.625,16.16353416442871,0.9,10
85.07411764705884,24.562105178833008,0.7058823529411765,34
76.11439130434785,15.81461238861084,0.7692307692307693,52
73.04964285714289,18.06215476989746,0.6710526315789473,76
94.78197368421053,31.356801986694336,0.8571428571428571,21
67.75500000000001,28.72943115234375,0.8333333333333334,12
48.9325369299936,23.735157012939453,0.6089385474860335,179
77.81071428571428,22.913150787353516,0.7021276595744681,47
86.07454545454549,24.32686996459961,0.6808510638297872,47
83.41529411764708,15.07310962677002,0.5462962962962963,108
81.43898467432952,19.43793296813965,0.6260162601626016,123
92.9388823529412,33.79283142089844,0.7567567567567568,37
75.50000000000003,24.29444694519043,0.7101449275362319,69
96.71047368421054,12.11921215057373,0.4473684210526316,38
81.85500000000002,20.75016975402832,0.8055555555555556,36
119.19000000000003,121.8159408569336,1.0,3
78.21653488372095,14.09047794342041,0.5405405405405406,185
66.80382352941179,15.109827995300293,0.5428571428571428,105
40.4914285714286,72.8568115234375,0.9047619047619048,21
81.62833333333334,37.60637664794922,0.8095238095238095,21
95.67166666666668,25.70897674560547,0.8823529411764706,17
90.09000000000002,23.333980560302734,0.8125,32
75.0543943661972,21.90869903564453,0.5973154362416108,149
101.7013488372093,16.618976593017578,0.6744186046511628,43
69.49833333333333,22.477787017822266,0.7333333333333333,60
31.545000000000016,115.97676086425781,1.0,6
108.26750000000001,24.74756622314453,1.0,9
95.81196969696971,40.708099365234375,0.8043478260869565,46
86.35571428571428,20.09770393371582,0.6290322580645161,124
80.78250000000001,274.01806640625,1.0,15
68.65482534930142,16.90846061706543,0.5371428571428571,175
84.60519607843139,24.3563232421875,0.7647058823529411,68
58.42368421052632,92.40271759033203,1.0,19
87.41415094339625,13.900517463684082,0.5625,112
88.11522222222224,24.900653839111328,0.6981132075471698,106
97.0014285714286,16.73575210571289,0.8571428571428571,28
82.44851415094342,14.831828117370605,0.5185185185185185,108
103.04428571428575,14.363938331604004,0.6415094339622641,53
58.38704751131222,17.401321411132812,0.5287769784172662,278
91.42477477477478,22.85444450378418,0.7317073170731707,41
59.68214285714288,56.935401916503906,0.9285714285714286,14
81.62036290322581,42.66377639770508,0.8484848484848485,33
83.53127272727275,16.790149688720703,0.7073170731707317,82
118.17500000000001,17.16250228881836,1.0,4
75.12117647058825,47.065738677978516,0.8947368421052632,19
31.846666666666692,42.13605880737305,0.7027027027027027,148
97.782,18.745447158813477,0.6486486486486487,111
73.84500000000001,111.6036148071289,1.0,7
74.36891194968555,11.708035469055176,0.5069767441860465,215
72.97101351351351,24.718381881713867,0.6779661016949152,118
84.86857142857144,18.89474868774414,0.7244897959183674,98
42.61571428571432,78.28569793701172,0.8571428571428571,7
103.04428571428575,40.032344818115234,0.875,8
84.845,54.399166107177734,0.9411764705882353,17
68.99216121495328,30.737464904785156,0.6788990825688074,109
84.15181818181821,46.541446685791016,0.9565217391304348,23
66.7871428571429,11.472382545471191,0.8888888888888888,9
77.90500000000002,408.0618591308594,1.0,2
84.70954022988506,25.51259422302246,0.8225806451612904,62
84.3505031446541,21.179471969604492,0.6363636363636364,110
68.85666666666668,17.341333389282227,0.6343283582089553,134
67.79857142857146,18.99401092529297,0.49244712990936557,331
84.9784090909091,26.983314514160156,0.7777777777777778,36
89.97798951048952,13.913331985473633,0.55625,160
67.03295454545456,18.48919105529785,0.8378378378378378,37
64.32207160096544,22.53305435180664,0.5560165975103735,241
77.45815217391308,32.38347625732422,0.6197183098591549,71
87.38452173913045,33.1328125,0.7671232876712328,73
61.24000000000001,266.3935546875,0.8888888888888888,9
83.72454545454548,12.016674995422363,0.5533980582524272,103
118.17500000000001,41.43074035644531,1.0,4
94.30000000000001,47.26710891723633,0.8928571428571429,28
36.62000000000003,12.71596908569336,1.0,1
64.99197740112996,29.77614974975586,0.8412698412698413,63
80.4240200803213,12.996249198913574,0.5144508670520231,173
74.34167464114833,21.682695388793945,0.6029411764705882,136
93.91525641025643,35.010250091552734,0.8214285714285714,28
94.30000000000001,20.95517921447754,0.8888888888888888,9
81.87071428571429,27.52365493774414,0.6621621621621622,74
53.43476190476193,19.328096389770508,0.6440677966101694,59
82.88747881355935,25.243886947631836,0.7741935483870968,62
77.39950000000003,19.1301212310791,0.75,52
78.21653488372095,14.334872245788574,0.5363128491620112,179
67.46500000000002,33.10694122314453,0.8488372093023255,86
97.025,1170.5928955078125,1.0,4
84.14909462616825,26.611881256103516,0.6106194690265486,113
84.16833333333335,16.031391143798828,0.6095238095238096,105
72.72000000000003,25.632972717285156,0.8260869565217391,23
59.02285714285716,28.128114700317383,0.5829383886255924,211
67.35911178749309,11.281049728393555,0.5231316725978647,281
72.32500000000003,34.4912109375,0.7777777777777778,45
75.73858490566039,20.010793685913086,0.6355140186915887,107
86.11800000000002,35.35413360595703,0.6666666666666666,42
80.87284313725492,37.002193450927734,0.8611111111111112,36
56.119054878048814,28.683794021606445,0.7954545454545454,44
83.30572580645165,12.538185119628906,0.5714285714285714,63
64.18143034825871,19.41922950744629,0.6617647058823529,68
88.80647058823531,13.569375991821289,0.5109489051094891,137
72.61545454545457,110.06654357910156,1.0,12
79.21125000000002,18.633825302124023,0.65625,96
96.71047368421054,32.33683776855469,0.8604651162790697,43
86.70500000000001,37.27083969116211,0.7272727272727273,11
49.23000000000005,22.36164093017578,0.6451612903225806,124
91.68615384615387,34.2996940612793,0.7317073170731707,41
57.59057182320444,15.61388111114502,0.5591397849462365,186
83.37750000000003,29.207015991210938,0.9523809523809523,21
70.6738195386703,13.147953033447266,0.4291044776119403,268
94.995,71.33345794677734,1.0,12
70.94579105976898,20.349197387695312,0.5698924731182796,186
55.317558685446016,17.936662673950195,0.5953488372093023,215
100.655,49.081478118896484,0.8974358974358975,39
96.12700000000001,37.68214416503906,0.8157894736842105,38
68.9825,22.413671493530273,0.7755102040816326,49
86.73333333333335,36.547908782958984,0.6990291262135923,103
80.73235632183909,24.19338035583496,0.6557377049180327,61
76.50153846153849,20.12375831604004,0.7692307692307693,39
33.131356589147316,30.404949188232422,0.6818181818181818,88
71.95875000000004,53.54051971435547,0.7717391304347826,92
98.49307692307693,18.98727035522461,0.6231884057971014,69
87.94500000000002,21.822921752929688,0.8333333333333334,6
90.08866666666667,12.51174545288086,0.7307692307692307,26
39.55500000000001,35.92683792114258,0.8378378378378378,37
93.32690476190476,43.34822082519531,0.8823529411764706,17
42.978511904761916,21.53956413269043,0.4942528735632184,348
92.965,59.22087097167969,1.0,8
78.00466549295777,17.130056381225586,0.625,72
78.1458109965636,14.559263229370117,0.5658536585365853,205
78.24500000000002,332.7811584472656,1.0,11
65.77862341772155,23.192930221557617,0.7195121951219512,82
44.346413934426266,39.55768966674805,0.796875,64
47.30000000000004,34.112098693847656,0.95,20
92.86057692307695,16.78105354309082,0.7857142857142857,28
71.33625000000004,14.842893600463867,0.7555555555555555,45
91.9326206896552,14.287796020507812,0.6145833333333334,96
73.89756521739132,24.297800064086914,0.7246376811594203,69
100.8305376344086,29.073394775390625,0.7272727272727273,33
97.0014285714286,78.9069595336914,0.9333333333333333,15
81.24066140776699,25.858768463134766,0.6886792452830188,106
66.73681592039803,27.855812072753906,0.8873239436619719,71
85.01500000000003,30.489234924316406,0.9,20
91.61166666666668,31.578590393066406,0.8620689655172413,29
83.09182795698926,43.47885513305664,0.8095238095238095,63
0.0,431.2313232421875,1.0,1
28.50000000000003,152.58763122558594,1.0,10
77.51511363636365,34.4926643371582,0.75,60
99.08719696969698,20.002227783203125,0.6551724137931034,58
67.6975657894737,47.971412658691406,0.7796610169491526,59
90.48312500000002,17.937868118286133,0.684931506849315,73
62.41488522238164,14.18527603149414,0.4502923976608187,342
80.58821074380168,25.226722717285156,0.6363636363636364,132
72.76913253012052,19.41512680053711,0.6304347826086957,92
95.68818181818183,21.127302169799805,0.84,25
112.08500000000001,26.051624298095703,0.8571428571428571,21
70.80742647058825,14.130070686340332,0.5257142857142857,175
88.12400128865983,20.359130859375,0.6274509803921569,102
93.98000000000002,12.183760643005371,0.6129032258064516,31
108.025,58.00779342651367,1.0,14
41.8518181818182,98.79869079589844,1.0,11
86.91572649572652,14.9076566696167,0.6238532110091743,109
71.81500000000001,91.2084732055664,1.0,8
83.41529411764708,27.900936126708984,0.7692307692307693,52
62.80144654088052,21.154682159423828,0.7358490566037735,53
80.43015151515155,22.253589630126953,0.6483516483516484,91
64.52567084078711,21.028635025024414,0.5972850678733032,221
103.54,19.642005920410156,1.0,8
91.4661290322581,17.346345901489258,0.6804123711340206,97
103.6767948717949,30.153486251831055,0.7241379310344828,29
80.09764705882354,21.391338348388672,0.9166666666666666,36
60.19176470588238,43.579959869384766,0.6226415094339622,53
83.85357142857143,21.912649154663086,0.9375,16
66.20919008264465,20.400815963745117,0.6341463414634146,123
57.380000000000024,16.5368595123291,0.625,80
63.13947352216749,17.55084800720215,0.5529953917050692,217
88.72514705882354,74.92254638671875,0.9444444444444444,18
63.23166666666668,25.944236755371094,0.7090909090909091,55
80.34442761962448,14.366079330444336,0.5555555555555556,135
49.192822580645185,28.77141571044922,0.6511627906976745,129
78.54500000000002,103.98612976074219,0.9444444444444444,18
49.518421052631595,46.705841064453125,0.85,20
74.1555670103093,19.617097854614258,0.71,100
71.50661290322583,15.713949203491211,0.5390625,128
65.27791666666668,16.229896545410156,0.46747967479674796,246
65.81980769230773,36.69329071044922,0.7323943661971831,71
54.483435582822096,16.929569244384766,0.6352941176470588,170
85.61931818181819,16.571149826049805,0.6231884057971014,138
69.78500000000001,69.28228759765625,0.95,20
53.50225490196081,32.86244583129883,0.8529411764705882,34
87.2841666666667,42.635276794433594,0.7142857142857143,49
63.06371212121215,22.3312931060791,0.7532467532467533,77
116.14500000000001,21.12385368347168,1.0,6
73.96922413793105,23.622671127319336,0.7868852459016393,61
69.39800000000002,20.408552169799805,0.6,105
69.49071641791046,26.04876708984375,0.7058823529411765,68
41.553571428571445,65.65043640136719,1.0,16
78.38460784313727,38.54841995239258,0.8648648648648649,37
77.85785714285716,31.673484802246094,0.8135593220338984,59
75.74636363636367,22.09010887145996,0.625,168
74.78928571428573,29.23416519165039,0.7288135593220338,59
87.80719696969699,15.130523681640625,0.536723163841808,177
121.22000000000003,300.5674743652344,1.0,1
96.11442307692309,23.79269790649414,0.8461538461538461,13
69.55526315789477,34.8245735168457,0.8292682926829268,41
85.42996894409939,16.913333892822266,0.46546546546546547,333
71.80352941176473,46.69596481323242,0.9215686274509803,51
94.30000000000001,23.161502838134766,0.8888888888888888,9
62.86953488372093,17.667314529418945,0.6538461538461539,130
81.0554605263158,11.18546199798584,0.7288135593220338,59
94.98490384615386,11.750555992126465,0.6744186046511628,43
87.64399999999999,19.25333023071289,0.7066666666666667,75
54.5525735294118,14.80742359161377,0.7884615384615384,52
84.20500000000001,14.74472713470459,0.6115702479338843,121
65.23836734693879,24.17029571533203,0.6754966887417219,151
61.50545762711866,30.666213989257812,0.7692307692307693,65
67.39076923076925,21.810426712036133,0.6376811594202898,69
59.65521739130436,28.0211181640625,0.6214285714285714,140
59.066847826086985,68.54551696777344,0.92,25
121.22000000000003,300.5674743652344,1.0,1
66.96598837209305,23.67971420288086,0.5822222222222222,225
78.72993902439025,21.734949111938477,0.6823529411764706,85
77.19916666666668,16.461153030395508,0.7457627118644068,59
103.04428571428575,18.27816390991211,1.0,7
89.51692307692309,41.89040756225586,0.8888888888888888,27
102.12602272727273,17.122940063476562,0.5454545454545454,55
45.47712230215828,19.190187454223633,0.508833922261484,283
90.43316455696203,26.91555404663086,0.6585365853658537,82
55.447092783505155,20.21919822692871,0.6938775510204082,98
81.26044117647061,13.995983123779297,0.5588235294117647,68
70.80592905405408,18.22308921813965,0.6283185840707964,113
100.24000000000002,167.10267639160156,1.0,6
103.37909090909093,8.831698417663574,0.9230769230769231,13
103.65455882352943,76.76880645751953,0.9444444444444444,18
95.60875000000001,17.216625213623047,0.75,32
121.22000000000003,190.23687744140625,1.0,1
60.19659090909093,14.449624061584473,0.6153846153846154,104
82.29698305084747,19.0621337890625,0.6328125,128
84.03183298319328,10.816107749938965,0.4879032258064516,248
25.23135135135138,23.13614845275879,0.6486486486486487,37
90.82430894308945,12.236416816711426,0.5697674418604651,86
85.87671052631579,58.03640365600586,0.8421052631578947,19
87.94308785529716,17.961881637573242,0.7444444444444445,90
67.57956140350879,40.41877365112305,0.6455696202531646,79
57.70352941176472,68.7497787475586,0.8529411764705882,34
48.581824324324344,24.706104278564453,0.6883116883116883,77
103.65455882352943,15.282842636108398,0.95,20
94.01660714285715,21.01431655883789,0.7297297297297297,37
73.17033333333337,26.628477096557617,0.68,100
66.10000000000002,23.718536376953125,1.0,9
66.40000000000003,239.9698028564453,1.0,6
75.32035714285716,13.954366683959961,0.8095238095238095,21
72.87740909090911,18.127653121948242,0.6057692307692307,104
115.13000000000002,14.92922592163086,1.0,7
71.81500000000001,51.42774963378906,0.8888888888888888,18
74.805,41.554168701171875,0.9230769230769231,13
101.42500000000001,20.31768226623535,0.8333333333333334,42
69.9334677419355,17.362180709838867,0.6257309941520468,171
12.425000000000011,814.2703247070312,1.0,5
81.93162701784198,17.211946487426758,0.5251141552511416,219
74.02099661965265,14.671168327331543,0.39800995024875624,402
74.61226190476191,16.944982528686523,0.5035971223021583,278
99.52771739130438,16.040651321411133,0.7916666666666666,24
67.94676136363637,20.804729461669922,0.5174129353233831,201
74.805,15.830305099487305,0.6875,64
88.28723076923079,33.63364028930664,0.7857142857142857,42
65.74747126436785,41.84727478027344,0.9,30
65.80278481012658,36.477603912353516,0.7317073170731707,82
72.61545454545457,13.021641731262207,1.0,11
77.12683519553075,13.55280590057373,0.5052083333333334,192
72.48183993399341,30.435874938964844,0.6666666666666666,105
61.37598214285714,12.91555118560791,0.6071428571428571,112
82.9755434782609,18.12775993347168,0.6938775510204082,49
78.56609375000001,12.092392921447754,0.46153846153846156,273
44.97000000000003,190.537109375,0.9375,16
79.18260095447874,10.690698623657227,0.38197424892703863,233
97.0014285714286,67.17929077148438,1.0,14
68.25483720930234,38.50984573364258,0.8260869565217391,46
70.08365384615385,71.71968078613281,1.0,13
84.41260601577912,17.087305068969727,0.49142857142857144,175
80.78500000000003,25.941831588745117,0.6666666666666666,63
61.59273101673102,16.595516204833984,0.5318352059925093,267
58.032272727272726,21.2762451171875,0.5511111111111111,225
86.22190476190477,51.03940963745117,0.7142857142857143,35
72.68166144200629,21.25018310546875,0.5234899328859061,149
88.98830434782612,31.40374183654785,0.7708333333333334,48
75.87500000000001,101.87866973876953,0.8,5
37.331363636363676,23.17865562438965,0.6355555555555555,225
70.05909090909094,21.539487838745117,0.71875,96
65.72500000000001,14.541252136230469,0.8571428571428571,28
92.62750000000001,58.90718078613281,0.8076923076923077,26
75.20784090909092,18.387189865112305,0.5785123966942148,121
102.52025,28.14510726928711,0.8529411764705882,34
59.745000000000005,38.863040924072266,1.0,6
79.52848484848487,12.140445709228516,0.43023255813953487,172
62.04738372093027,21.207258224487305,0.6597938144329897,97
52.849153225806475,12.174445152282715,0.47368421052631576,285
103.04428571428575,30.621179580688477,0.8571428571428571,7
93.47266666666667,34.78229522705078,0.6923076923076923,26
62.70357142857142,26.416837692260742,0.7586206896551724,29
84.56322268907566,23.51904296875,0.6141732283464567,127
68.09500000000004,30.498220443725586,0.9090909090909091,22
109.08714285714288,53.68537902832031,0.9333333333333333,15
73.84500000000001,56.982879638671875,1.0,6
66.9645256340084,10.073588371276855,0.34793187347931875,411
93.05,13.47567367553711,0.7727272727272727,44
77.81071428571428,286.54608154296875,0.9375,16
74.86590909090911,23.48695182800293,0.6703296703296703,91
39.305648854961845,15.869084358215332,0.5571955719557196,271
71.06500000000001,193.79278564453125,0.8421052631578947,19
78.20209161147905,11.23526668548584,0.4281150159744409,313
74.45866666666666,17.985368728637695,0.6153846153846154,169
103.68723684210525,8.421504974365234,0.631578947368421,19
68.37500000000003,14.423072814941406,0.65625,64
91.85601626016262,18.15545082092285,0.6829268292682927,41
85.91500000000002,53.08063888549805,0.96,25
75.08345962113663,14.257156372070312,0.47572815533980584,309
75.02855831037651,24.878448486328125,0.6190476190476191,126
102.045,35.357330322265625,0.5833333333333334,12
68.14340523882898,18.247772216796875,0.5567567567567567,185
93.54350877192984,32.674217224121094,0.7894736842105263,19
33.57500000000002,27.453615188598633,0.5,4
72.27747899159667,27.062522888183594,0.7016129032258065,124
57.605000000000004,49.29438781738281,0.7083333333333334,24
76.36525524475526,25.573047637939453,0.668918918918919,148
97.28,11.81216049194336,0.6511627906976745,43
95.42,37.47880172729492,0.8823529411764706,17
115.13000000000002,22.487468719482422,1.0,7
103.625,6.3463616371154785,0.4583333333333333,24
86.70500000000001,31.174455642700195,0.90625,32
79.39160714285715,15.532912254333496,0.5289855072463768,138
59.47761904761907,52.382328033447266,0.8620689655172413,58
41.553571428571445,46.736907958984375,1.0,15
58.28959677419357,21.641315460205078,0.5918367346938775,98
65.29590909090909,33.87538528442383,0.9130434782608695,23
92.53649193548388,38.097599029541016,0.8571428571428571,35
79.64692105263158,10.087549209594727,0.47802197802197804,182
83.80676470588239,14.734623908996582,0.5555555555555556,216
73.84500000000001,33.500892639160156,1.0,6
89.51692307692309,196.67578125,1.0,13
47.750588235294146,11.236929893493652,0.6634615384615384,104
86.59916666666669,22.792062759399414,0.7407407407407407,27
89.89642857142859,52.596763610839844,0.8666666666666667,15
77.37759386042404,9.886249542236328,0.4217687074829932,294
65.72500000000001,179.3311004638672,1.0,14
92.71168333333335,17.94272232055664,0.5984251968503937,127
90.95857142857145,114.1688003540039,1.0,8
68.56059322033902,18.429059982299805,0.559322033898305,118
62.81290254237291,20.653379440307617,0.8305084745762712,59
78.58250000000002,45.0429801940918,0.7884615384615384,52
68.93950000000002,47.302608489990234,0.8518518518518519,27
103.54,8.572121620178223,1.0,8
94.78197368421053,14.442256927490234,0.7142857142857143,21
59.63500000000003,90.13855743408203,0.9523809523809523,21
69.99384615384618,54.12909698486328,1.0,13
97.65452380952382,46.95022201538086,0.9655172413793104,29
80.16175000000003,18.27802085876465,0.7727272727272727,66
81.7975657894737,17.091978073120117,0.575,120
74.61653846153847,20.309511184692383,0.6727272727272727,110
63.49666666666667,68.70537567138672,0.8571428571428571,28
68.09300000000002,27.526227951049805,0.7884615384615384,52
109.09500000000001,26.779788970947266,0.76,25
55.699857142857155,16.837385177612305,0.49615384615384617,260
78.02730815347725,14.210471153259277,0.5821917808219178,146
78.63333333333335,59.075984954833984,0.8275862068965517,29
49.66651515151517,17.597408294677734,0.7555555555555555,45
85.07411764705884,29.34439468383789,0.7368421052631579,19
88.905,36.28317642211914,1.0,12
53.33688405797105,10.583745956420898,0.8085106382978723,47
76.50153846153849,35.47258377075195,0.8928571428571429,28
62.9487562189055,16.768768310546875,0.7183098591549296,71
78.19538312586447,14.493597984313965,0.41700404858299595,247
65.01687500000001,17.664968490600586,0.7538461538461538,65
77.60136363636363,20.085020065307617,0.591304347826087,115
75.50000000000003,72.39424896240234,0.8947368421052632,19
95.165,20.68817901611328,1.0,12
84.72035714285717,36.29381561279297,0.7424242424242424,66
70.88187214611875,32.16908645629883,0.7792207792207793,77
90.32934210526317,39.677772521972656,0.9047619047619048,21
87.99727272727276,169.45468139648438,0.9090909090909091,11
108.26750000000001,66.15534210205078,1.0,9
83.32400000000003,63.11455154418945,0.9019607843137255,51
78.072,20.376001358032227,0.69,100
59.24253753753757,21.63776206970215,0.6513157894736842,152
87.99727272727276,22.308725357055664,0.6,105
64.26482352941179,23.5313720703125,0.5827338129496403,139
85.07411764705884,36.233760833740234,1.0,18
67.93166666666669,17.296632766723633,0.8035714285714286,56
34.59000000000003,298.41278076171875,1.0,3
79.34052459016394,38.23183059692383,0.7619047619047619,63
63.97336363636367,16.786035537719727,0.6619718309859155,71
62.45222222222225,14.151570320129395,0.5888888888888889,90
94.63309523809527,27.465457916259766,0.9285714285714286,28
63.28072615923011,16.35445213317871,0.582089552238806,134
83.2509195402299,30.154478073120117,0.8181818181818182,33
80.50049418604654,12.361003875732422,0.5214285714285715,140
85.95297131147542,15.09865665435791,0.7230769230769231,65
120.20500000000001,473.6149597167969,1.0,2
82.80550000000002,46.20869827270508,0.6818181818181818,66
73.79573529411766,18.67127799987793,0.7692307692307693,39
84.90000000000003,38.16603088378906,0.85,20
74.91719611848826,15.324525833129883,0.4808743169398907,183
96.06202898550725,24.360328674316406,0.75,24
103.625,13.36401653289795,1.0,12
72.46362484951847,14.394545555114746,0.32972136222910214,646
50.2388235294118,15.862963676452637,0.6744186046511628,86
70.10884745762712,28.32210922241211,0.6865671641791045,67
38.62384057971016,16.191776275634766,0.7340425531914894,94
88.28238636363638,31.827781677246094,0.6842105263157895,57
79.34869741100326,16.33216667175293,0.6605504587155964,109
71.94076086956525,20.39780616760254,0.7142857142857143,49
87.66183606557377,13.493751525878906,0.6721311475409836,61
95.68818181818183,148.27239990234375,0.9230769230769231,13
80.30636363636367,79.14481353759766,0.8695652173913043,23
65.63117685733073,21.016845703125,0.5625,176
98.31540322580649,25.963300704956055,0.6666666666666666,33
84.29146739130438,11.452825546264648,0.45754716981132076,212
92.06250000000001,59.446475982666016,0.6875,16
98.8675,21.038328170776367,0.9090909090909091,11
48.65930318412552,12.662625312805176,0.5285714285714286,210
81.26232758620691,42.212093353271484,0.84375,32
